STATEFP10,ZCTA5CE10,GEOID10,CLASSFP10,MTFCC10,FUNCSTAT10,ALAND10,AWATER10,INTPTLAT10,INTPTLON10,PARTFLG10
19,str,1950841,B5,G6350,S,606076473,4759723,+41.0090723,-094.7688123,N
19,50841,1950841,B5,G6350,S,606076473,4759723,+41.0090723,-094.7688123,N
19,52162,1952162,B5,G6350,S,258921418,0,+43.1075778,-091.5515792,N
19,52572,1952572,B5,G6350,S,251780760,452924,+40.6704902,-092.6884374,N
19,50014,1950014,B5,G6350,S,144736089,89999,+42.0462969,-093.6944485,N
19,50217,1950217,B5,G6350,S,178588395,17727,+42.1837633,-094.2518108,N
19,50676,1950676,B5,G6350,S,147945860,921289,+42.7988986,-092.2801798,N
19,50668,1950668,B5,G6350,S,87460062,229510,+42.6929059,-092.2288308,N
19,50650,1950650,B5,G6350,S,106696113,60302,+42.6182483,-091.6560400,N
19,50588,1950588,B5,G6350,S,356361817,12631881,+42.6586918,-095.1662792,N
19,50561,1950561,B5,G6350,S,119264336,94038,+42.4250985,-094.8505006,N
19,50538,1950538,B5,G6350,S,80872053,16957,+42.2740492,-094.4397027,N
19,51459,1951459,B5,G6350,S,1355933,0,+42.0452207,-094.6379570,N
19,50274,1950274,B5,G6350,S,129895526,264250,+41.3833484,-094.8609755,N
19,52776,1952776,B5,G6350,S,219106223,572685,+41.5754106,-091.2686908,N
19,52337,1952337,B5,G6350,S,70714333,0,+41.8802031,-091.1420579,N
19,50479,1950479,B5,G6350,S,150266394,0,+42.9394043,-093.4098743,N
19,50449,1950449,B5,G6350,S,94989415,23631,+43.0024867,-093.5668978,N
19,51058,1951058,B5,G6350,S,214583720,202307,+42.9739447,-095.4673150,N
19,50603,1950603,B5,G6350,S,122972014,0,+43.1877269,-092.4594895,N
19,50616,1950616,B5,G6350,S,447677877,427211,+43.0804304,-092.6584797,N
19,52171,1952171,B5,G6350,S,205831070,66100,+43.0681782,-092.0529113,N
19,52171,1952171,B5,G6350,S,205831070,66100,+43.0681782,-092.0529113,N
19,50264,1950264,B5,G6350,S,174277982,21492,+40.9056540,-093.6975360,N
19,52049,1952049,B5,G6350,S,179161503,9231770,+42.8855654,-091.1993778,N
19,52731,1952731,B5,G6350,S,136590407,0,+41.9669750,-090.4864265,N
19,52750,1952750,B5,G6350,S,77963305,472441,+41.9370243,-090.3970488,N
19,52757,1952757,B5,G6350,S,3069924,0,+41.8038536,-090.3790554,N
19,52207,1952207,B5,G6350,S,102173612,0,+42.0950593,-090.8316784,N
19,50323,1950323,B5,G6350,S,19984131,0,+41.6256323,-093.7936500,N
19,50146,1950146,B5,G6350,S,75845999,0,+41.6841166,-094.2430435,N
19,50128,1950128,B5,G6350,S,75688815,209997,+41.8555893,-094.3002356,N
19,52041,1952041,B5,G6350,S,155013681,26716,+42.5055534,-091.2613855,N
19,52078,1952078,B5,G6350,S,106244371,45700,+42.3957774,-091.1158212,N
19,51360,1951360,B5,G6350,S,288811859,46182107,+43.4435628,-095.0870298,Y
19,51351,1951351,B5,G6350,S,273457209,5474766,+43.3150642,-095.1836465,N
19,52054,1952054,B5,G6350,S,138186180,0,+42.3056453,-090.6272541,N
19,50681,1950681,B5,G6350,S,63049395,0,+42.7776192,-092.0093817,N
19,52169,1952169,B5,G6350,S,77075550,14088,+42.8607285,-091.6630855,N
19,52133,1952133,B5,G6350,S,118276377,19137,+43.1101441,-091.6679570,N
19,50227,1950227,B5,G6350,S,966375,0,+42.5974407,-093.4278512,N
19,51648,1951648,B5,G6350,S,127267334,3570711,+40.7394749,-095.8003971,N
19,50050,1950050,B5,G6350,S,197678090,28538,+42.1589733,-094.5035934,N
19,50642,1950642,B5,G6350,S,83390897,13774,+42.4396968,-092.8164545,N
19,50624,1950624,B5,G6350,S,135187133,0,+42.4678250,-092.6587272,N
19,50673,1950673,B5,G6350,S,444167,0,+42.5249445,-092.7112731,N
19,50216,1950216,B5,G6350,S,140455483,5244398,+41.6970971,-094.3548207,N
19,50532,1950532,B5,G6350,S,181265335,452595,+42.4601184,-094.0008694,N
19,50484,1950484,B5,G6350,S,113539889,180883,+43.2307706,-093.9155851,N
19,51570,1951570,B5,G6350,S,166547560,148413,+41.5268840,-095.4625690,N
19,52630,1952630,B5,G6350,S,109876580,70151,+40.7987435,-091.7114547,N
19,50542,1950542,B5,G6350,S,172856036,28101,+42.7829759,-093.9426915,N
19,50533,1950533,B5,G6350,S,258503120,0,+42.6519275,-093.9118227,N
19,51431,1951431,B5,G6350,S,101935208,0,+42.3448429,-095.3516927,N
19,50136,1950136,B5,G6350,S,100596786,35423,+41.4695015,-092.2927644,N
19,52221,1952221,B5,G6350,S,53693011,83042,+41.6409293,-092.3316985,N
19,50135,1950135,B5,G6350,S,192731530,2547234,+41.7505820,-092.8871737,N
19,50170,1950170,B5,G6350,S,227972731,3022299,+41.5300269,-093.1247617,N
19,50127,1950127,B5,G6350,S,28260,0,+41.7771398,-093.2058088,N
19,52535,1952535,B5,G6350,S,149442224,254284,+40.8629436,-091.9595723,N
19,52312,1952312,B5,G6350,S,242872,0,+42.0060280,-091.2458720,N
19,52576,1952576,B5,G6350,S,117041974,138769,+41.2151533,-092.1094194,N
19,50268,1950268,B5,G6350,S,123395200,129423,+41.4044064,-092.3627868,N
19,50517,1950517,B5,G6350,S,196451521,1659443,+43.3052505,-094.2342048,N
19,50451,1950451,B5,G6350,S,164502448,28367,+43.3812338,-094.0776148,N
19,56027,1956027,B5,G6350,S,201941816,160355,+43.5167138,-094.1166445,Y
19,50424,1950424,B5,G6350,S,315854649,0,+43.3944301,-093.9338456,N
19,52639,1952639,B5,G6350,S,99006542,18463331,+40.5327100,-091.4603873,N
19,52411,1952411,B5,G6350,S,42589064,2045955,+42.0538015,-091.7292254,N
19,50272,1950272,B5,G6350,S,1922108,0,+41.0959280,-093.2559358,N
19,51246,1951246,B5,G6350,S,424475480,39922,+43.4279154,-096.1682210,N
19,50240,1950240,B5,G6350,S,197056712,657335,+41.2970898,-093.7927875,N
19,50044,1950044,B5,G6350,S,118457713,15343,+41.2030936,-092.8818977,N
19,50219,1950219,B5,G6350,S,304040257,13104005,+41.4209054,-092.8965372,N
19,50225,1950225,B5,G6350,S,216053151,1193185,+41.3844006,-093.2688590,N
19,50119,1950119,B5,G6350,S,39608454,746178,+41.3130929,-092.9396874,N
19,50247,1950247,B5,G6350,S,215688269,280365,+42.0174362,-093.1646035,N
19,50158,1950158,B5,G6350,S,547770086,576848,+42.0498064,-092.9007394,N
19,50635,1950635,B5,G6350,S,217592812,0,+42.2020606,-092.6993218,N
19,50426,1950426,B5,G6350,S,60113,0,+43.4154812,-093.0171326,N
19,51638,1951638,B5,G6350,S,220309190,457452,+40.8361984,-095.2799393,N
19,50581,1950581,B5,G6350,S,245993524,728961,+42.8429960,-094.5497779,N
19,51050,1951050,B5,G6350,S,353266814,0,+42.7936157,-095.9459252,N
19,50524,1950524,B5,G6350,S,148454625,80806,+42.6168532,-094.3538378,N
19,50317,1950317,B5,G6350,S,59339311,702531,+41.6213467,-093.5478931,N
19,50312,1950312,B5,G6350,S,14709325,341735,+41.5826778,-093.6766696,N
19,50047,1950047,B5,G6350,S,150551626,1608002,+41.4636395,-093.4742799,N
19,52215,1952215,B5,G6350,S,223510103,672095,+41.9135271,-092.4052877,N
19,52339,1952339,B5,G6350,S,264553696,555158,+41.9279439,-092.5870914,N
19,52232,1952232,B5,G6350,S,47498282,19164,+41.8043596,-092.3358022,N
19,50583,1950583,B5,G6350,S,305136071,1223470,+42.4327180,-094.9856924,N
19,51450,1951450,B5,G6350,S,153251668,4344154,+42.3164616,-095.0208000,N
19,52753,1952753,B5,G6350,S,64478931,4013252,+41.6285484,-090.3859279,N
19,52748,1952748,B5,G6350,S,106896308,108607,+41.6657363,-090.5549548,N
19,50652,1950652,B5,G6350,S,605668,0,+42.2642917,-092.6937604,N
19,52551,1952551,B5,G6350,S,149297301,2671767,+40.8247727,-092.1093953,N
19,50052,1950052,B5,G6350,S,50874664,65966,+40.6432602,-093.4443791,N
19,50543,1950543,B5,G6350,S,212824794,0,+42.2746957,-094.3046396,N
19,50594,1950594,B5,G6350,S,67103128,0,+42.5851957,-094.0401285,N
19,50569,1950569,B5,G6350,S,54375018,514691,+42.4032063,-094.1342368,N
19,50450,1950450,B5,G6350,S,209812899,4268390,+43.4211777,-093.5223972,N
19,50446,1950446,B5,G6350,S,108697147,172633,+43.3407393,-093.4469067,N
19,51052,1951052,B5,G6350,S,155944754,3714561,+42.3082336,-096.2659868,N
19,51044,1951044,B5,G6350,S,89676276,163307,+42.3078156,-095.9228727,N
19,50164,1950164,B5,G6350,S,137992511,242529,+41.4995176,-094.4202128,N
19,50155,1950155,B5,G6350,S,78465748,35572,+41.2110183,-094.1993534,N
19,52593,1952593,B5,G6350,S,42464728,41148,+40.7722929,-092.7462257,N
19,52224,1952224,B5,G6350,S,256378050,215562,+42.1659112,-092.2997609,N
19,50634,1950634,B5,G6350,S,1007524,10728,+42.4186745,-092.2140005,N
19,50675,1950675,B5,G6350,S,287086664,150772,+42.1978202,-092.5120919,N
19,50248,1950248,B5,G6350,S,211484087,96668,+42.1912256,-093.6146728,N
19,50530,1950530,B5,G6350,S,167469642,915677,+42.2707059,-094.0396947,N
19,50677,1950677,B5,G6350,S,321992838,3194003,+42.7667835,-092.4296817,N
19,50654,1950654,B5,G6350,S,136188150,0,+42.4986978,-091.6428295,N
19,50579,1950579,B5,G6350,S,355724263,3395688,+42.3943097,-094.6387578,N
19,51433,1951433,B5,G6350,S,146234075,1121478,+42.2666408,-094.8753343,N
19,51444,1951444,B5,G6350,S,422230,0,+42.0048387,-094.9731176,N
19,52358,1952358,B5,G6350,S,200272897,666632,+41.6914005,-091.3184325,N
19,52323,1952323,B5,G6350,S,132024745,329049,+41.9832212,-090.9591839,N
19,50458,1950458,B5,G6350,S,190715038,83451,+43.1587333,-093.0120181,N
19,50469,1950469,B5,G6350,S,227803634,75970,+42.9993268,-093.1970993,N
19,50464,1950464,B5,G6350,S,61009266,0,+43.2534001,-093.0807847,N
19,51035,1951035,B5,G6350,S,278976810,0,+42.7788508,-095.7993682,N
19,50659,1950659,B5,G6350,S,403626744,176022,+43.0958380,-092.3290514,N
19,50210,1950210,B5,G6350,S,196407429,359707,+41.1950433,-093.6982874,N
19,50213,1950213,B5,G6350,S,542667169,1308300,+41.0316852,-093.7661365,N
19,50257,1950257,B5,G6350,S,103296613,0,+41.1895071,-093.8472301,N
19,50108,1950108,B5,G6350,S,188443671,164436,+40.8256431,-093.9526600,N
19,51346,1951346,B5,G6350,S,377302746,55835,+43.1804632,-095.4594507,N
19,51338,1951338,B5,G6350,S,188586392,713538,+43.2053657,-095.3187499,N
19,52043,1952043,B5,G6350,S,258435335,0,+42.8452137,-091.4192037,N
19,52141,1952141,B5,G6350,S,216864900,74045,+42.9364237,-091.6400179,N
19,52157,1952157,B5,G6350,S,146694531,2749090,+43.0218955,-091.2403087,N
19,52254,1952254,B5,G6350,S,146759383,0,+41.9521005,-090.8011783,N
19,51465,1951465,B5,G6350,S,141083054,21674,+42.0868860,-095.2007247,N
19,51060,1951060,B5,G6350,S,156146936,100172,+42.0420320,-095.6848707,N
19,50063,1950063,B5,G6350,S,170414757,118000,+41.6955487,-093.9406778,N
19,50069,1950069,B5,G6350,S,13262492,0,+41.5207646,-094.0302624,N
19,52537,1952537,B5,G6350,S,896396219,3733967,+40.7349880,-092.4136176,N
19,52560,1952560,B5,G6350,S,90748254,1184300,+40.8505215,-092.2513679,N
19,52588,1952588,B5,G6350,S,26405619,481738,+40.8651161,-092.1703667,N
19,50103,1950103,B5,G6350,S,157258966,150478,+40.7951203,-093.6091438,N
19,50123,1950123,B5,G6350,S,204314880,269954,+40.8338255,-093.5138146,N
19,52655,1952655,B5,G6350,S,42480154,84376,+40.8464869,-091.2120177,N
19,52658,1952658,B5,G6350,S,117815555,13425435,+40.6994039,-091.2296536,N
19,52068,1952068,B5,G6350,S,120418986,0,+42.4228659,-090.8171559,N
19,50514,1950514,B5,G6350,S,285570120,2196162,+43.4151555,-094.4724103,N
19,50435,1950435,B5,G6350,S,105304339,0,+43.1580395,-092.7670494,N
19,51653,1951653,B5,G6350,S,89310858,201674,+40.8781533,-095.6822996,N
19,50621,1950621,B5,G6350,S,165399151,0,+42.2511089,-092.9210164,N
19,50638,1950638,B5,G6350,S,245826479,0,+42.3567405,-092.7939546,N
19,50230,1950230,B5,G6350,S,223891614,90499,+42.3032518,-093.4534145,N
19,50436,1950436,B5,G6350,S,352540998,1493153,+43.2664629,-093.6711180,N
19,50438,1950438,B5,G6350,S,342477993,157787,+43.1115023,-093.6186238,N
19,50447,1950447,B5,G6350,S,260076390,1357536,+42.9254003,-093.7977075,N
19,50258,1950258,B5,G6350,S,139020377,455942,+42.2241360,-093.0731313,N
19,51579,1951579,B5,G6350,S,300427865,993021,+41.7535769,-095.7069988,N
19,51559,1951559,B5,G6350,S,220153489,569773,+41.4663298,-095.6488974,N
19,52659,1952659,B5,G6350,S,159797074,22385,+41.1292026,-091.4410222,N
19,52656,1952656,B5,G6350,S,246653156,621587,+40.7398143,-091.4554997,N
19,52134,1952134,B5,G6350,S,77559488,0,+43.4695544,-092.4112248,N
19,50529,1950529,B5,G6350,S,1404544,40868,+42.7208976,-094.1987946,N
19,50591,1950591,B5,G6350,S,73985552,0,+42.6760320,-094.0556745,N
19,50560,1950560,B5,G6350,S,225654488,0,+42.9604871,-094.1078250,N
19,51018,1951018,B5,G6350,S,94973523,144858,+42.4496609,-095.6807714,N
19,52361,1952361,B5,G6350,S,329675542,521656,+41.6491145,-092.0298796,N
19,52308,1952308,B5,G6350,S,233003,0,+41.5722837,-092.1587226,N
19,52222,1952222,B5,G6350,S,208915113,237236,+41.5764055,-092.3406501,N
19,50106,1950106,B5,G6350,S,170041734,99380,+41.8809557,-092.8062392,N
19,50228,1950228,B5,G6350,S,180307197,59991,+41.5769685,-093.2419601,N
19,50251,1950251,B5,G6350,S,104731303,85792,+41.5669397,-092.8693629,N
19,50232,1950232,B5,G6350,S,86216313,546135,+41.5567254,-092.9697197,N
19,52651,1952651,B5,G6350,S,156577973,91898,+40.8653208,-091.8152938,N
19,52322,1952322,B5,G6350,S,230659835,560173,+41.6927183,-091.7627850,N
19,52338,1952338,B5,G6350,S,87438599,1384771,+41.8178996,-091.7075010,N
19,52248,1952248,B5,G6350,S,294509645,727190,+41.3457725,-091.9353455,N
19,50255,1950255,B5,G6350,S,456756,0,+41.4558954,-092.3322726,N
19,50598,1950598,B5,G6350,S,176474137,0,+43.0818492,-094.4170458,N
19,52403,1952403,B5,G6350,S,67994207,1529536,+41.9659594,-091.5660542,N
19,52402,1952402,B5,G6350,S,35684277,736540,+42.0231720,-091.6596131,N
19,52341,1952341,B5,G6350,S,33953650,691790,+42.1028514,-091.7261746,N
19,52621,1952621,B5,G6350,S,109426658,156210,+41.2087501,-091.5334567,N
19,51235,1951235,B5,G6350,S,144971909,0,+43.2945389,-096.2183691,N
19,51240,1951240,B5,G6350,S,262865520,296089,+43.3093607,-096.4584188,N
19,51242,1951242,B5,G6350,S,1181066,0,+43.4411086,-096.3348486,N
19,50273,1950273,B5,G6350,S,518734984,436436,+41.3296914,-094.0543067,N
19,50149,1950149,B5,G6350,S,213331160,118531,+41.1504659,-094.0709973,N
19,50211,1950211,B5,G6350,S,145671677,1510501,+41.4553105,-093.7052692,N
19,52595,1952595,B5,G6350,S,1193986,0,+41.2886301,-092.6149729,N
19,50116,1950116,B5,G6350,S,44059135,12619,+41.1797717,-092.9736103,N
19,50057,1950057,B5,G6350,S,52157438,26100,+41.1799137,-093.1342563,N
19,50120,1950120,B5,G6350,S,43941350,0,+41.9337341,-092.9828567,N
19,51566,1951566,B5,G6350,S,456411140,1480407,+41.0164590,-095.2309007,N
19,52766,1952766,B5,G6350,S,117320623,2080925,+41.4675407,-091.2954183,N
19,51245,1951245,B5,G6350,S,203413241,0,+43.0747015,-095.5999479,N
19,51009,1951009,B5,G6350,S,611821,0,+42.9443573,-095.5515332,N
19,51354,1951354,B5,G6350,S,226461034,1201235,+43.4108365,-095.5412918,N
19,51637,1951637,B5,G6350,S,4185566,0,+40.6248601,-095.1156827,N
19,50571,1950571,B5,G6350,S,115641227,0,+42.6309635,-094.5786931,N
19,50009,1950009,B5,G6350,S,65155566,51547,+41.6450117,-093.4590896,N
19,50243,1950243,B5,G6350,S,1425493,0,+41.8724293,-093.6964418,N
19,51501,1951501,B5,G6350,S,62565346,6098001,+41.2272769,-095.8784389,N
19,51576,1951576,B5,G6350,S,129895387,558520,+41.3828764,-095.7149237,N
19,50845,1950845,B5,G6350,S,284295758,1294478,+40.8214907,-094.3496753,N
19,50840,1950840,B5,G6350,S,129507338,441432,+40.7819592,-094.4809478,N
19,50567,1950567,B5,G6350,S,67115601,210796,+42.5254491,-095.1018828,N
19,52807,1952807,B5,G6350,S,76469440,0,+41.6106804,-090.5168500,N
19,52728,1952728,B5,G6350,S,4016961,1747597,+41.4540624,-090.7346342,N
19,51537,1951537,B5,G6350,S,421573846,759083,+41.6501312,-095.2975109,N
19,50201,1950201,B5,G6350,S,300071934,381708,+42.0417225,-093.4349050,N
19,50056,1950056,B5,G6350,S,148881654,310723,+42.0131984,-093.2965274,N
19,50011,1950011,B5,G6350,S,125094,0,+42.0240341,-093.6364507,N
19,52217,1952217,B5,G6350,S,152367658,0,+42.0799873,-092.4078819,N
19,50173,1950173,B5,G6350,S,79810281,330423,+41.9646593,-092.7134845,N
19,50862,1950862,B5,G6350,S,56002793,215413,+40.8110944,-094.6575411,N
19,52542,1952542,B5,G6350,S,117023713,142493,+40.6198504,-092.0562370,Y
19,50166,1950166,B5,G6350,S,162193030,329398,+41.2827121,-093.4307487,N
19,50001,1950001,B5,G6350,S,62132136,664520,+41.3627242,-093.4334178,N
19,50160,1950160,B5,G6350,S,965184,0,+41.3737893,-093.7384893,N
19,52201,1952201,B5,G6350,S,171676653,137516,+41.3296599,-091.5470620,N
19,50008,1950008,B5,G6350,S,219823966,799607,+40.6796722,-093.3802650,N
19,51105,1951105,B5,G6350,S,15751253,74339,+42.5119126,-096.3520271,N
19,51104,1951104,B5,G6350,S,20007969,1561,+42.5361559,-096.4046801,N
19,50421,1950421,B5,G6350,S,232430189,481114,+42.8428665,-093.6186349,N
19,50002,1950002,B5,G6350,S,279019969,182250,+41.5147779,-094.6483414,N
19,50801,1950801,B5,G6350,S,541138684,3890004,+41.0785727,-094.4022187,N
19,50846,1950846,B5,G6350,S,238718135,149017,+41.3089930,-094.5761174,N
19,50864,1950864,B5,G6350,S,376870947,772047,+40.9703696,-094.9781106,N
19,52170,1952170,B5,G6350,S,120174634,0,+43.2238744,-091.3051905,N
19,52574,1952574,B5,G6350,S,101241590,8331356,+40.8066983,-092.9717873,N
19,51543,1951543,B5,G6350,S,57402651,0,+41.6567518,-095.0759309,N
19,52208,1952208,B5,G6350,S,150288094,441336,+41.8824022,-092.2531283,N
19,52332,1952332,B5,G6350,S,109615934,1076155,+42.0986128,-091.8882928,N
19,50701,1950701,B5,G6350,S,211307390,3411353,+42.4182590,-092.3398207,N
19,50276,1950276,B5,G6350,S,208197916,1649044,+41.8620124,-093.9264890,N
19,50107,1950107,B5,G6350,S,130323310,109876,+42.0365326,-094.2190692,N
19,50156,1950156,B5,G6350,S,232315736,6408279,+41.8983104,-093.8012355,N
19,50223,1950223,B5,G6350,S,76048297,552251,+42.1737154,-094.0378299,N
19,50630,1950630,B5,G6350,S,214483346,232646,+42.9576796,-092.2139593,N
19,50644,1950644,B5,G6350,S,369298026,3297175,+42.4761511,-091.8936908,N
19,52326,1952326,B5,G6350,S,5259973,187945,+42.3906615,-091.7558262,N
19,50671,1950671,B5,G6350,S,57516940,16334,+42.6504286,-091.7958192,N
19,50554,1950554,B5,G6350,S,230386693,2375376,+42.8459842,-094.8426902,N
19,50611,1950611,B5,G6350,S,78763743,0,+42.8154885,-092.9089538,N
19,50665,1950665,B5,G6350,S,253290828,0,+42.5803645,-092.7718794,N
19,50605,1950605,B5,G6350,S,38865937,0,+42.8317592,-093.0209772,N
19,51443,1951443,B5,G6350,S,275566438,876263,+42.0818836,-094.6968423,N
19,51544,1951544,B5,G6350,S,145030361,104671,+41.3064344,-095.1140738,N
19,52216,1952216,B5,G6350,S,146924409,25719,+41.8864895,-091.0396369,N
19,52306,1952306,B5,G6350,S,193533415,712142,+41.8870891,-091.2542113,N
19,50434,1950434,B5,G6350,S,23249292,238127,+43.2574879,-093.4485829,N
19,50468,1950468,B5,G6350,S,256180153,29336,+43.0322132,-092.9471241,N
19,50475,1950475,B5,G6350,S,231013382,89137,+42.8805532,-093.2187574,N
19,51012,1951012,B5,G6350,S,386682411,155693,+42.7441370,-095.5618494,N
19,51025,1951025,B5,G6350,S,278363472,39513,+42.4976463,-095.5561074,N
19,51048,1951048,B5,G6350,S,86240685,0,+42.5509520,-095.8413100,N
19,52154,1952154,B5,G6350,S,189897805,68679,+43.1186247,-092.1668767,N
19,50174,1950174,B5,G6350,S,278523046,195449,+41.0337071,-093.9823039,N
19,51333,1951333,B5,G6350,S,167531168,2834305,+43.1293464,-094.9995318,N
19,51343,1951343,B5,G6350,S,64797509,524496,+43.0185096,-095.1060251,N
19,51341,1951341,B5,G6350,S,893950,0,+43.0142770,-095.0387484,N
19,52077,1952077,B5,G6350,S,83704995,24155,+42.8209989,-091.5625180,N
19,52730,1952730,B5,G6350,S,94758761,6484650,+41.7756698,-090.3353487,N
19,52060,1952060,B5,G6350,S,408401938,1433257,+42.1062314,-090.6827007,N
19,51439,1951439,B5,G6350,S,223052570,424267,+42.0887888,-095.5903862,N
19,50263,1950263,B5,G6350,S,89811208,191647,+41.5915805,-093.8736392,N
19,50003,1950003,B5,G6350,S,296262168,1824123,+41.6115040,-094.0430263,N
19,50038,1950038,B5,G6350,S,7907934,966305,+41.5250727,-093.9032820,N
19,52637,1952637,B5,G6350,S,172002147,39763,+41.0175437,-091.1459485,N
19,52660,1952660,B5,G6350,S,57330895,36648,+40.9945961,-091.2993703,N
19,51363,1951363,B5,G6350,S,1050241,0,+43.4336891,-094.9467431,N
19,51345,1951345,B5,G6350,S,145805647,498785,+43.4076972,-095.4374735,N
19,52166,1952166,B5,G6350,S,493739,0,+43.0658432,-091.9332897,N
19,50471,1950471,B5,G6350,S,110089036,0,+43.1665683,-092.8764073,N
19,50620,1950620,B5,G6350,S,324589,0,+43.1584250,-092.5905447,N
19,50126,1950126,B5,G6350,S,351532763,342067,+42.4943794,-093.2553997,N
19,50071,1950071,B5,G6350,S,292776820,337362,+42.6486201,-093.5048977,N
19,50064,1950064,B5,G6350,S,40418909,0,+42.1077287,-094.2366303,N
19,50115,1950115,B5,G6350,S,440965745,219589,+41.6832397,-094.5615556,N
19,50432,1950432,B5,G6350,S,1127714,0,+43.2239147,-093.7979541,N
19,51564,1951564,B5,G6350,S,103451375,9676,+41.8095891,-095.9228236,N
19,51555,1951555,B5,G6350,S,403793188,6343466,+41.5601015,-095.9230609,N
19,51523,1951523,B5,G6350,S,133141497,1827730,+41.9152115,-096.0677104,N
19,52641,1952641,B5,G6350,S,548534824,3228786,+40.9924161,-091.5863541,N
19,52649,1952649,B5,G6350,S,119318917,80549,+40.8385670,-091.6121493,N
19,52635,1952635,B5,G6350,S,111404053,1108282,+40.9955615,-091.7585873,N
19,50548,1950548,B5,G6350,S,321533403,1931816,+42.7147686,-094.2253253,N
19,50545,1950545,B5,G6350,S,97206312,45921,+42.7973961,-094.0808633,N
19,52325,1952325,B5,G6350,S,109065817,77376,+41.5842446,-091.9245199,N
19,52334,1952334,B5,G6350,S,43109728,0,+41.7401704,-091.9411035,N
19,52220,1952220,B5,G6350,S,1194245,0,+41.7282344,-091.9983693,N
19,50141,1950141,B5,G6350,S,93619441,158040,+41.8675587,-092.9497109,N
19,50169,1950169,B5,G6350,S,103076354,302211,+41.6552656,-093.3523197,N
19,52556,1952556,B5,G6350,S,457203874,1280676,+41.0241999,-091.9275453,N
19,52533,1952533,B5,G6350,S,227595703,182619,+41.0175380,-092.1571162,N
19,52585,1952585,B5,G6350,S,145151739,748640,+41.1932153,-091.9810008,N
19,52327,1952327,B5,G6350,S,216537935,1069677,+41.4770796,-091.5829879,N
19,52321,1952321,B5,G6350,S,77841390,0,+42.1472280,-090.9832319,N
19,52305,1952305,B5,G6350,S,73493573,0,+42.0191965,-091.3392253,N
19,52212,1952212,B5,G6350,S,60780511,10057,+42.1087973,-091.0902728,N
19,52591,1952591,B5,G6350,S,327567747,281642,+41.3166406,-092.1913738,N
19,50522,1950522,B5,G6350,S,175965366,260029,+43.1920188,-094.1946828,N
19,52619,1952619,B5,G6350,S,94003111,1319433,+40.5252214,-091.5639334,N
19,52624,1952624,B5,G6350,S,1656465,0,+40.7364189,-091.3377231,N
19,52657,1952657,B5,G6350,S,494762,0,+40.7678326,-091.5188193,N
19,51232,1951232,B5,G6350,S,156584013,54498,+43.3086254,-095.8126634,N
19,50207,1950207,B5,G6350,S,366329546,258736,+41.4319664,-092.6375397,N
19,50027,1950027,B5,G6350,S,72300542,591188,+41.4820259,-092.4693678,N
19,50062,1950062,B5,G6350,S,80081240,23079,+41.2355974,-093.2450915,N
19,51534,1951534,B5,G6350,S,259972070,830980,+41.0466261,-095.7146891,N
19,51540,1951540,B5,G6350,S,140723810,658654,+41.0242642,-095.4988723,N
19,50476,1950476,B5,G6350,S,101620767,81814,+43.4468045,-092.7640514,N
19,51051,1951051,B5,G6350,S,8724971,15238,+42.2060913,-095.9649602,N
19,51010,1951010,B5,G6350,S,175387775,925350,+42.0861460,-095.9095039,N
19,51055,1951055,B5,G6350,S,172795960,1896488,+42.2219158,-096.2610658,N
19,52536,1952536,B5,G6350,S,159982929,150782,+40.9574657,-092.6089099,N
19,51630,1951630,B5,G6350,S,65739953,0,+40.6010192,-095.1913363,N
19,51631,1951631,B5,G6350,S,95638364,212938,+40.5914177,-095.0099985,N
19,50536,1950536,B5,G6350,S,366256005,3976489,+43.1182618,-094.7054813,N
19,51031,1951031,B5,G6350,S,605051258,60585,+42.7985467,-096.1862168,N
19,51028,1951028,B5,G6350,S,328877363,53611,+42.5966550,-095.9876399,N
19,51001,1951001,B5,G6350,S,360544871,317456,+42.8299418,-096.5272332,Y
19,50574,1950574,B5,G6350,S,288134473,0,+42.7166702,-094.6986501,N
19,50131,1950131,B5,G6350,S,56477726,8189213,+41.6921198,-093.7151564,N
19,51542,1951542,B5,G6350,S,92260796,619914,+41.4315171,-095.8490852,N
19,51577,1951577,B5,G6350,S,206915861,63177,+41.4636129,-095.2037684,N
19,50836,1950836,B5,G6350,S,231152011,1676716,+40.6322850,-094.4974841,N
19,50835,1950835,B5,G6350,S,43864480,130304,+40.7062989,-094.3754853,N
19,50074,1950074,B5,G6350,S,125812204,2003718,+40.8659305,-094.0801331,N
19,52722,1952722,B5,G6350,S,68714054,4447571,+41.5742986,-090.4715279,N
19,52767,1952767,B5,G6350,S,1725980,1628662,+41.5658523,-090.4234562,N
19,52803,1952803,B5,G6350,S,13273300,794735,+41.5389466,-090.5559767,N
19,51578,1951578,B5,G6350,S,96684,0,+41.7193565,-095.3945573,N
19,51003,1951003,B5,G6350,S,144294826,76283,+42.9899392,-095.9875408,N
19,52566,1952566,B5,G6350,S,2692350,0,+41.1479985,-092.5025424,N
19,52583,1952583,B5,G6350,S,120561019,155287,+40.7938862,-093.1489243,N
19,50453,1950453,B5,G6350,S,114170099,177512,+43.3633636,-093.6474200,N
19,52168,1952168,B5,G6350,S,417415,0,+43.2054821,-091.9523644,N
19,50101,1950101,B5,G6350,S,25431226,0,+42.6673517,-093.6346437,N
19,50250,1950250,B5,G6350,S,264919955,140131,+41.4806259,-094.3464098,N
19,50859,1950859,B5,G6350,S,206284787,205939,+41.0670990,-094.5973421,N
19,50839,1950839,B5,G6350,S,1828417,0,+41.0496610,-094.8240034,N
19,50853,1950853,B5,G6350,S,195793685,194054,+41.2368434,-094.7678963,N
19,52151,1952151,B5,G6350,S,311898185,12772784,+43.3464049,-091.2647941,N
19,52172,1952172,B5,G6350,S,409930314,0,+43.2707807,-091.4844275,N
19,52581,1952581,B5,G6350,S,98275489,4543215,+40.8012198,-093.0639489,N
19,52569,1952569,B5,G6350,S,241557072,7613001,+40.9830431,-093.0455610,N
19,50025,1950025,B5,G6350,S,507431421,0,+41.7579592,-094.9235710,N
19,50076,1950076,B5,G6350,S,289965715,685667,+41.5921765,-094.8419445,N
19,52345,1952345,B5,G6350,S,8460118,565,+42.2446517,-091.9008935,N
19,52229,1952229,B5,G6350,S,127345836,46070,+42.1446295,-092.1692343,N
19,52209,1952209,B5,G6350,S,95203996,198598,+41.9089868,-092.0975313,N
19,52352,1952352,B5,G6350,S,203389043,1633575,+42.2882208,-091.7748366,N
19,52351,1952351,B5,G6350,S,2136430,0,+41.8779310,-091.8317260,N
19,52324,1952324,B5,G6350,S,103897411,3158631,+42.0639075,-091.8061412,N
19,50707,1950707,B5,G6350,S,25015902,345979,+42.4581638,-092.2600318,N
19,50647,1950647,B5,G6350,S,77451814,1613526,+42.6510752,-092.4972118,N
19,50220,1950220,B5,G6350,S,266702750,1474029,+41.8369073,-094.1232019,N
19,50249,1950249,B5,G6350,S,201480618,852305,+42.2753274,-093.9030824,N
19,52329,1952329,B5,G6350,S,131743463,347339,+42.3582400,-091.8556338,N
19,50607,1950607,B5,G6350,S,123088687,0,+42.6105496,-091.7498639,N
19,50510,1950510,B5,G6350,S,219101382,630738,+42.7592960,-094.9856030,N
19,50585,1950585,B5,G6350,S,164764837,527069,+42.9175301,-095.1418653,N
19,51002,1951002,B5,G6350,S,297051473,96991,+42.6884358,-095.3190269,N
19,50576,1950576,B5,G6350,S,93051632,0,+42.8032723,-095.1752748,N
19,50625,1950625,B5,G6350,S,157866903,186690,+42.7483848,-092.9883559,N
19,51453,1951453,B5,G6350,S,223309210,30437,+42.2697229,-094.5473377,N
19,51552,1951552,B5,G6350,S,91256513,0,+41.4907561,-095.1135187,N
19,52720,1952720,B5,G6350,S,105688120,4439340,+41.5877236,-091.1733859,N
19,52320,1952320,B5,G6350,S,152972711,1012418,+41.9991504,-091.1483915,N
19,50444,1950444,B5,G6350,S,55947822,19090,+43.2972256,-093.3836303,N
19,51029,1951029,B5,G6350,S,58631884,0,+42.8805513,-095.5378472,N
19,51020,1951020,B5,G6350,S,140559611,17407,+42.5101089,-095.4135468,N
19,52035,1952035,B5,G6350,S,139017849,10395,+42.6707375,-091.1812135,N
19,52073,1952073,B5,G6350,S,127405862,12217596,+42.6211317,-090.8289611,N
19,52037,1952037,B5,G6350,S,176730726,44567,+41.9672403,-090.6337544,N
19,52732,1952732,B5,G6350,S,287014236,23690397,+41.8910438,-090.2530047,N
19,52774,1952774,B5,G6350,S,728977,0,+41.9068489,-090.5951206,N
19,52070,1952070,B5,G6350,S,128888564,25527115,+42.0797995,-090.2314019,N
19,51528,1951528,B5,G6350,S,189303217,582632,+41.9090855,-095.5010991,N
19,51448,1951448,B5,G6350,S,144010668,32777,+42.2053594,-095.3097892,N
19,50233,1950233,B5,G6350,S,130640688,0,+41.6128829,-094.2113701,N
19,50262,1950262,B5,G6350,S,83675780,154826,+40.8606316,-093.8085607,N
19,50067,1950067,B5,G6350,S,86782161,311356,+40.7176823,-093.8616493,N
19,52040,1952040,B5,G6350,S,157677619,71347,+42.5036655,-091.1416842,N
19,52065,1952065,B5,G6350,S,131360801,21361,+42.5936781,-091.1086545,N
19,52650,1952650,B5,G6350,S,104272813,223072,+40.9512102,-091.1520378,N
19,52645,1952645,B5,G6350,S,184352854,1297182,+40.9121974,-091.4042341,N
19,52646,1952646,B5,G6350,S,140333709,14671780,+41.0565763,-090.9981233,N
19,51347,1951347,B5,G6350,S,219032601,4895849,+43.4224250,-095.3184506,N
19,52164,1952164,B5,G6350,S,65222954,83451,+42.8547065,-091.9066113,N
19,50461,1950461,B5,G6350,S,446116781,358141,+43.3061677,-092.8187412,N
19,50460,1950460,B5,G6350,S,93166151,0,+43.2278506,-092.6887927,N
19,50006,1950006,B5,G6350,S,317608669,136481,+42.5083623,-093.4019241,N
19,50452,1950452,B5,G6350,S,127237832,186855,+42.7810988,-093.3673523,N
19,51654,1951654,B5,G6350,S,134383987,3406124,+40.8360967,-095.7785110,N
19,51652,1951652,B5,G6350,S,198939709,1115060,+40.7729473,-095.6220690,N
19,50026,1950026,B5,G6350,S,142869501,0,+41.8585159,-094.4495801,N
19,50627,1950627,B5,G6350,S,276457942,765563,+42.3503931,-093.0938964,N
19,50102,1950102,B5,G6350,S,1304963,0,+42.2455424,-093.4001943,N
19,51563,1951563,B5,G6350,S,142055146,214420,+41.5706753,-095.5855849,N
19,52155,1952155,B5,G6350,S,274628716,266439,+43.4216571,-092.2885421,N
19,52132,1952132,B5,G6350,S,157236915,142086,+43.2111555,-091.9281461,N
19,50519,1950519,B5,G6350,S,142395653,0,+42.9017044,-094.2628887,N
19,50516,1950516,B5,G6350,S,63843690,141166,+42.6250069,-094.1372343,N
19,50570,1950570,B5,G6350,S,112172571,48177,+42.8961013,-094.3730199,N
19,51053,1951053,B5,G6350,S,195409950,103317,+42.4950168,-095.2865280,N
19,51006,1951006,B5,G6350,S,212288291,807256,+42.3207920,-095.6196120,N
19,52203,1952203,B5,G6350,S,118264772,1489156,+41.8138574,-091.8915896,N
19,52356,1952356,B5,G6350,S,232407800,0,+41.4737175,-091.8451456,N
19,52309,1952309,B5,G6350,S,74161386,130453,+42.1316845,-090.8886419,N
19,50054,1950054,B5,G6350,S,151303559,1568719,+41.6896430,-093.2318555,N
19,52557,1952557,B5,G6350,S,116099,0,+41.0221485,-091.9647734,N
19,50104,1950104,B5,G6350,S,28940560,0,+41.4867993,-092.3866619,N
19,52550,1952550,B5,G6350,S,100555822,141269,+41.3103100,-092.3550760,N
19,50597,1950597,B5,G6350,S,213308415,932096,+42.9752503,-094.4517314,N
19,52625,1952625,B5,G6350,S,285066161,178897,+40.6607825,-091.5741965,N
19,52233,1952233,B5,G6350,S,9080084,0,+42.0467696,-091.6868688,N
19,52302,1952302,B5,G6350,S,192103024,134722,+42.0653580,-091.5605481,N
19,52738,1952738,B5,G6350,S,318125497,5065683,+41.2736628,-091.3784788,N
19,52761,1952761,B5,G6350,S,458486848,24486760,+41.4386985,-091.0639835,N
19,50049,1950049,B5,G6350,S,520849102,2275554,+41.0345166,-093.2954073,N
19,50139,1950139,B5,G6350,S,229328321,180047,+41.1984633,-093.3698776,N
19,51243,1951243,B5,G6350,S,139202043,36358,+43.4397395,-095.9104592,N
19,51230,1951230,B5,G6350,S,64875507,0,+43.3603298,-096.3236317,N
19,50229,1950229,B5,G6350,S,105357469,259175,+41.3790810,-093.7750726,N
19,50222,1950222,B5,G6350,S,108352201,17240,+41.2158449,-093.9596076,N
19,52586,1952586,B5,G6350,S,122407367,101027,+41.3456091,-092.4675911,N
19,50252,1950252,B5,G6350,S,22129285,732118,+41.4662821,-093.3034474,N
19,50214,1950214,B5,G6350,S,100079018,2492130,+41.4699307,-093.0561098,N
19,50632,1950632,B5,G6350,S,109710138,541112,+42.0616002,-092.6993518,N
19,50632,1950632,B5,G6350,S,109710138,541112,+42.0616002,-092.6993518,N
19,50239,1950239,B5,G6350,S,43994087,59225,+42.1428433,-093.2029582,N
19,51571,1951571,B5,G6350,S,121295400,74261,+41.1369149,-095.6061407,N
19,51541,1951541,B5,G6350,S,106325127,410129,+41.1390511,-095.4159218,N
19,50472,1950472,B5,G6350,S,315722433,694577,+43.4067463,-092.9353164,N
19,51572,1951572,B5,G6350,S,114187002,203963,+41.9931437,-095.7842810,N
19,51026,1951026,B5,G6350,S,280965339,270533,+42.2553392,-096.0681431,N
19,52726,1952726,B5,G6350,S,93558953,1264181,+41.4963254,-090.7803771,N
19,52749,1952749,B5,G6350,S,5218220,0,+41.3456300,-091.1307467,N
19,51248,1951248,B5,G6350,S,214496950,0,+43.2055398,-095.6578788,N
19,50528,1950528,B5,G6350,S,191696767,0,+43.1338886,-094.5408313,N
19,51108,1951108,B5,G6350,S,116157980,297987,+42.5660318,-096.3526526,N
19,51038,1951038,B5,G6350,S,233784005,44318,+42.7031906,-096.3169565,N
19,51008,1951008,B5,G6350,S,630646,0,+42.8108907,-096.2668310,N
19,50546,1950546,B5,G6350,S,136972383,47291,+42.8376899,-094.7022019,N
19,50573,1950573,B5,G6350,S,1045738,0,+42.8767577,-094.6238245,N
19,50322,1950322,B5,G6350,S,27877246,61021,+41.6341638,-093.7343597,N
19,50327,1950327,B5,G6350,S,48669473,1033149,+41.5863242,-093.4878742,N
19,50321,1950321,B5,G6350,S,30606507,362679,+41.5326741,-093.6624986,N
19,50161,1950161,B5,G6350,S,210950143,862076,+41.8481499,-093.4040299,N
19,50314,1950314,B5,G6350,S,6439448,190273,+41.6049642,-093.6312003,N
19,50320,1950320,B5,G6350,S,48336194,1210837,+41.5279423,-093.5679667,N
19,51521,1951521,B5,G6350,S,222025123,1239037,+41.4860938,-095.3453782,N
19,51526,1951526,B5,G6350,S,108386597,2946471,+41.3738905,-095.8717835,N
19,51562,1951562,B5,G6350,S,87844180,122623,+41.7250737,-095.4933204,N
19,51530,1951530,B5,G6350,S,140236581,133890,+41.7874518,-095.4304850,N
19,51023,1951023,B5,G6350,S,270480351,965139,+43.0186584,-096.4604043,Y
19,51041,1951041,B5,G6350,S,184491043,0,+43.0260583,-096.0778876,N
19,51036,1951036,B5,G6350,S,114214650,14621,+42.9697195,-096.1894831,N
19,51011,1951011,B5,G6350,S,1275286,0,+42.9163165,-096.5144511,N
19,50236,1950236,B5,G6350,S,89328918,16604,+42.1681099,-093.4864868,N
19,50842,1950842,B5,G6350,S,674912,0,+41.0398865,-094.4618334,N
19,52530,1952530,B5,G6350,S,36739157,247079,+40.9934298,-092.2927909,N
19,52165,1952165,B5,G6350,S,172030285,260065,+43.3096740,-091.9944869,N
19,51004,1951004,B5,G6350,S,212017049,831492,+42.3748634,-095.9153417,N
19,50459,1950459,B5,G6350,S,373316194,2167305,+43.4574252,-093.2504392,N
19,50470,1950470,B5,G6350,S,62885229,0,+42.7457801,-093.5604055,N
19,50849,1950849,B5,G6350,S,303486226,945306,+41.3082781,-094.3865703,N
19,50843,1950843,B5,G6350,S,195833833,32728,+41.2368417,-094.8852326,N
19,50042,1950042,B5,G6350,S,83827836,334754,+41.5337448,-094.9053232,N
19,50117,1950117,B5,G6350,S,71585251,71929,+41.6698715,-094.8492347,N
19,50058,1950058,B5,G6350,S,364071836,160131,+41.8557099,-094.6909945,N
19,51455,1951455,B5,G6350,S,286971140,33785,+41.9115645,-095.0551423,N
19,52257,1952257,B5,G6350,S,40665450,0,+41.9209532,-092.1782218,N
19,52213,1952213,B5,G6350,S,193133869,1352936,+42.2018520,-091.7596323,N
19,52315,1952315,B5,G6350,S,75003645,0,+42.0009131,-091.9700719,N
19,52228,1952228,B5,G6350,S,96875158,52874,+41.9022903,-091.7887022,N
19,52313,1952313,B5,G6350,S,83425511,1534035,+42.2573771,-092.0969770,N
19,52301,1952301,B5,G6350,S,316128706,355929,+41.7884764,-092.0826778,N
19,50613,1950613,B5,G6350,S,325898289,4074613,+42.5318142,-092.4874609,N
19,50622,1950622,B5,G6350,S,64784180,73796,+42.6727119,-092.3359069,N
19,50670,1950670,B5,G6350,S,147693291,1238410,+42.6953738,-092.6187535,N
19,50619,1950619,B5,G6350,S,229317854,1548376,+42.8096815,-092.6582244,N
19,50636,1950636,B5,G6350,S,312191604,1327448,+42.8950051,-092.8090483,N
19,51449,1951449,B5,G6350,S,231509383,1435439,+42.2678232,-094.7344062,N
19,50563,1950563,B5,G6350,S,252570421,747600,+42.5278306,-094.5249637,N
19,51401,1951401,B5,G6350,S,453492483,628517,+42.0656606,-094.8696601,N
19,51440,1951440,B5,G6350,S,66015871,0,+41.9133285,-094.8129775,N
19,51436,1951436,B5,G6350,S,156771998,18207,+42.1882648,-095.0236016,N
19,52333,1952333,B5,G6350,S,223255329,11259238,+41.8058791,-091.4923860,N
19,52765,1952765,B5,G6350,S,78185471,0,+41.7254726,-090.8715017,N
19,52777,1952777,B5,G6350,S,139946616,0,+41.8540060,-090.8561088,N
19,50477,1950477,B5,G6350,S,58455862,0,+42.9892471,-093.3270927,N
19,50467,1950467,B5,G6350,S,709984,0,+43.2117301,-093.0866364,N
19,50606,1950606,B5,G6350,S,184256567,58595,+42.7473164,-091.6913072,N
19,52047,1952047,B5,G6350,S,88304462,23661,+42.9692639,-091.3418197,N
19,52072,1952072,B5,G6350,S,87106056,0,+42.9220141,-091.3778058,N
19,52053,1952053,B5,G6350,S,153365300,1174999,+42.6111500,-090.9610502,N
19,52066,1952066,B5,G6350,S,681956,0,+42.6783258,-090.9518445,N
19,52701,1952701,B5,G6350,S,1643828,0,+41.9819679,-090.2491169,N
19,52729,1952729,B5,G6350,S,108718701,162683,+41.8001835,-090.7356908,N
19,51442,1951442,B5,G6350,S,448285493,392146,+42.0274984,-095.3606352,N
19,50325,1950325,B5,G6350,S,19913279,310838,+41.6132426,-093.7978713,N
19,50072,1950072,B5,G6350,S,228458740,450129,+41.4712188,-094.1229834,N
19,50167,1950167,B5,G6350,S,102105447,505051,+41.7428827,-094.0410481,N
19,50061,1950061,B5,G6350,S,80154777,1544266,+41.4859292,-093.7848887,N
19,52554,1952554,B5,G6350,S,92616713,2089046,+40.9254772,-092.2274558,N
19,50133,1950133,B5,G6350,S,195971232,995705,+40.7133219,-094.0689934,N
19,50065,1950065,B5,G6350,S,147327583,575406,+40.6138578,-093.7817274,N
19,52038,1952038,B5,G6350,S,76144562,467431,+42.5866932,-091.5614831,N
19,52623,1952623,B5,G6350,S,149863756,1576161,+40.8634826,-091.3356728,N
19,51331,1951331,B5,G6350,S,4328713,2793797,+43.3610090,-095.1274537,N
19,52002,1952002,B5,G6350,S,74769470,0,+42.5247686,-090.7732041,N
19,52046,1952046,B5,G6350,S,119196635,0,+42.4383630,-091.0131167,N
19,50531,1950531,B5,G6350,S,96657746,3791548,+43.4540855,-094.6097527,N
19,51342,1951342,B5,G6350,S,214048965,182669,+43.2478766,-094.7368798,N
19,52147,1952147,B5,G6350,S,187896612,15559,+42.9598498,-091.9595859,N
19,52135,1952135,B5,G6350,S,67530596,31368,+43.0158236,-091.6632248,N
19,50431,1950431,B5,G6350,S,1936776,0,+42.7371132,-093.3682228,N
19,51601,1951601,B5,G6350,S,276049821,292769,+40.7261286,-095.3495636,N
19,51650,1951650,B5,G6350,S,75412280,3096366,+40.6663846,-095.5424835,N
19,51462,1951462,B5,G6350,S,279400187,2153782,+42.0143775,-094.5565218,N
19,50672,1950672,B5,G6350,S,94947054,46229,+42.4262863,-093.0716936,N
19,50271,1950271,B5,G6350,S,172819803,0,+42.4827519,-093.5414418,N
19,50595,1950595,B5,G6350,S,399160086,449052,+42.4614168,-093.8225782,N
19,50034,1950034,B5,G6350,S,161881537,1602666,+42.5216624,-093.6614061,N
19,50430,1950430,B5,G6350,S,160984015,0,+42.9815643,-093.9539657,N
19,50483,1950483,B5,G6350,S,198210428,0,+43.1125641,-094.0009148,N
19,50206,1950206,B5,G6350,S,124112610,69394,+42.2456748,-093.2023181,N
19,51546,1951546,B5,G6350,S,292960399,349623,+41.6370541,-095.7660181,N
19,51550,1951550,B5,G6350,S,1456103,0,+41.6921405,-095.8741935,N
19,51558,1951558,B5,G6350,S,213130775,258206,+41.9016895,-095.8705629,N
19,50466,1950466,B5,G6350,S,354076016,265156,+43.3868531,-092.5384394,N
19,52163,1952163,B5,G6350,S,4602409,0,+43.2197663,-092.1030943,N
19,50558,1950558,B5,G6350,S,114698519,23067,+42.8612770,-094.1637704,N
19,52307,1952307,B5,G6350,S,488234,0,+41.7931066,-091.8986921,N
19,52074,1952074,B5,G6350,S,79898449,786454,+42.1105690,-090.4626967,N
19,52030,1952030,B5,G6350,S,690483,0,+42.1532160,-090.5919309,N
19,50055,1950055,B5,G6350,S,126048093,292428,+41.8786812,-093.2961354,N
19,50234,1950234,B5,G6350,S,80969880,266213,+41.8930962,-093.1819818,N
19,52755,1952755,B5,G6350,S,156465323,1464935,+41.4783716,-091.4380419,N
19,52245,1952245,B5,G6350,S,21437710,275149,+41.6728651,-091.5121585,N
19,52241,1952241,B5,G6350,S,30767995,103310,+41.6995775,-091.5959505,N
19,52235,1952235,B5,G6350,S,5244081,12931,+41.5786860,-091.5315991,N
19,52317,1952317,B5,G6350,S,89861599,6035992,+41.7671253,-091.6345050,N
19,52247,1952247,B5,G6350,S,206303697,46425,+41.5186737,-091.7232900,N
19,50511,1950511,B5,G6350,S,321026179,697544,+43.0740414,-094.2191836,N
19,50556,1950556,B5,G6350,S,101104875,11125,+43.4552202,-094.1966457,N
19,52405,1952405,B5,G6350,S,37805569,687611,+41.9833839,-091.7463692,N
19,52653,1952653,B5,G6350,S,291933980,20541230,+41.1636993,-091.1574185,N
19,50238,1950238,B5,G6350,S,301463331,7441398,+40.9642909,-093.1671509,N
19,51247,1951247,B5,G6350,S,289347761,302816,+43.1937518,-096.3381265,N
19,50033,1950033,B5,G6350,S,288201,0,+41.3630376,-093.7928434,N
19,50143,1950143,B5,G6350,S,92510368,447718,+41.3418358,-092.8046564,N
19,50256,1950256,B5,G6350,S,70005080,806957,+41.2597061,-092.9052722,N
19,50005,1950005,B5,G6350,S,69351844,271729,+42.1319881,-093.0346019,N
19,50142,1950142,B5,G6350,S,2566675,0,+42.0066157,-092.7755961,N
19,50078,1950078,B5,G6350,S,660699,0,+41.9385801,-092.8630313,N
19,51561,1951561,B5,G6350,S,155128903,4255377,+41.0078903,-095.8061898,N
19,50454,1950454,B5,G6350,S,44766360,0,+43.3818893,-092.7372750,N
19,51040,1951040,B5,G6350,S,394259940,5550285,+42.0362361,-096.0870485,N
19,52531,1952531,B5,G6350,S,562739585,368319,+41.0263638,-092.8151351,N
19,52769,1952769,B5,G6350,S,106716539,9774,+41.6058044,-090.8472347,N
19,52769,1952769,B5,G6350,S,106716539,9774,+41.6058044,-090.8472347,N
19,52773,1952773,B5,G6350,S,145770767,67038,+41.6219243,-090.7527662,N
19,51249,1951249,B5,G6350,S,324698821,44389,+43.4112320,-095.7266135,N
19,51632,1951632,B5,G6350,S,540292203,377776,+40.7449912,-095.0493245,N
19,51062,1951062,B5,G6350,S,144480984,113283,+42.6978273,-096.5349676,N
19,50035,1950035,B5,G6350,S,116772406,125744,+41.7239132,-093.4580764,N
19,50046,1950046,B5,G6350,S,119244056,729296,+41.8934046,-093.5230116,N
19,50226,1950226,B5,G6350,S,97069566,12804289,+41.7962430,-093.7019735,N
19,50265,1950265,B5,G6350,S,44379906,2086653,+41.5529682,-093.7450115,N
19,50319,1950319,B5,G6350,S,213707,0,+41.5909125,-093.6042882,N
19,51549,1951549,B5,G6350,S,84609734,90167,+41.1858302,-095.4667071,N
19,51560,1951560,B5,G6350,S,252153928,2737717,+41.3152938,-095.3998555,N
19,50157,1950157,B5,G6350,S,168306476,82897,+41.7397666,-092.5630112,N
19,52211,1952211,B5,G6350,S,236363435,575871,+41.7538897,-092.4497528,N
19,52804,1952804,B5,G6350,S,87535930,1325492,+41.5324171,-090.6814008,N
19,51446,1951446,B5,G6350,S,90274738,0,+41.7750941,-095.1918272,N
19,50010,1950010,B5,G6350,S,155033818,260300,+42.0308219,-093.5884897,N
19,50278,1950278,B5,G6350,S,138821968,42230,+42.1367591,-093.2995328,N
19,50848,1950848,B5,G6350,S,117220734,499460,+40.7809222,-094.7642737,N
19,50118,1950118,B5,G6350,S,49691667,1774588,+41.4669684,-093.3789815,N
19,52359,1952359,B5,G6350,S,38168572,0,+41.3585064,-091.8074819,N
19,52353,1952353,B5,G6350,S,395015639,323079,+41.2993523,-091.7114865,N
19,50478,1950478,B5,G6350,S,191508358,66911,+43.4074878,-093.7836014,N
19,50473,1950473,B5,G6350,S,95399880,600633,+43.4657393,-093.6877672,N
19,51103,1951103,B5,G6350,S,27329577,533633,+42.5170858,-096.4399369,N
19,51039,1951039,B5,G6350,S,222604749,554562,+42.4492177,-096.0495600,N
19,51030,1951030,B5,G6350,S,153837616,101699,+42.4977411,-096.1883207,N
19,50448,1950448,B5,G6350,S,160124185,41612,+43.3499384,-093.2405345,N
19,50525,1950525,B5,G6350,S,361364714,2409067,+42.7364973,-093.7474375,N
19,50020,1950020,B5,G6350,S,248209168,919321,+41.4384162,-094.7470408,N
19,50837,1950837,B5,G6350,S,130570445,225409,+41.2247034,-094.6924457,N
19,50857,1950857,B5,G6350,S,131037143,228000,+40.9425917,-094.8809654,N
19,52146,1952146,B5,G6350,S,202232153,19446316,+43.1761985,-091.2056725,N
19,52140,1952140,B5,G6350,S,201525240,60800,+43.4456442,-091.5345723,N
19,52159,1952159,B5,G6350,S,197123907,17395,+43.0788876,-091.3626895,N
19,52549,1952549,B5,G6350,S,113329384,53075,+40.6186418,-092.9431134,N
19,52555,1952555,B5,G6350,S,64699086,38011,+40.6436802,-092.8136978,N
19,50651,1950651,B5,G6350,S,290042486,4584591,+42.3170634,-092.1967402,N
19,52346,1952346,B5,G6350,S,134845571,0,+42.0100282,-092.0806530,N
19,52225,1952225,B5,G6350,S,91276214,0,+42.0108215,-092.3268448,N
19,52206,1952206,B5,G6350,S,73245916,0,+41.9915796,-091.8854663,N
19,50612,1950612,B5,G6350,S,57581068,0,+42.2834470,-092.3860455,N
19,50643,1950643,B5,G6350,S,162697789,410669,+42.3579275,-092.4641990,N
19,50212,1950212,B5,G6350,S,351662798,567724,+42.0365624,-094.0661623,N
19,50235,1950235,B5,G6350,S,120716395,417921,+41.9317774,-094.2249809,N
19,50134,1950134,B5,G6350,S,48427675,0,+41.9394838,-093.6719978,N
19,50244,1950244,B5,G6350,S,57130248,0,+41.8575275,-093.6526192,N
19,50244,1950244,B5,G6350,S,57130248,0,+41.8575275,-093.6526192,N
19,50674,1950674,B5,G6350,S,405282166,3407909,+42.8378046,-092.1154304,N
19,50682,1950682,B5,G6350,S,220939846,42764,+42.4526428,-091.6885779,N
19,52218,1952218,B5,G6350,S,186401903,1030438,+42.2902680,-091.5335850,N
19,50565,1950565,B5,G6350,S,113882977,121159,+42.8570893,-095.0010202,N
19,51033,1951033,B5,G6350,S,163353526,121813,+42.9126281,-095.2514449,N
19,51047,1951047,B5,G6350,S,199489849,589102,+42.9424641,-095.3696277,N
19,50602,1950602,B5,G6350,S,207296305,159357,+42.7414047,-092.8057454,N
19,50604,1950604,B5,G6350,S,184428103,92958,+42.6018309,-092.8964771,N
19,50660,1950660,B5,G6350,S,100135575,29447,+42.5835672,-092.6315438,N
19,50540,1950540,B5,G6350,S,274522336,1103392,+42.6005721,-094.8401463,N
19,51463,1951463,B5,G6350,S,77535941,0,+41.9074660,-094.9127331,N
19,51535,1951535,B5,G6350,S,337106413,20379,+41.2264551,-095.1266889,N
19,51532,1951532,B5,G6350,S,147652406,157304,+41.1379809,-095.1091158,N
19,52253,1952253,B5,G6350,S,119617674,1862332,+41.8953470,-091.3533716,N
19,52760,1952760,B5,G6350,S,56930747,1969592,+41.5486554,-091.0868067,N
19,50482,1950482,B5,G6350,S,74538658,6627465,+43.1131013,-093.4864041,N
19,50401,1950401,B5,G6350,S,386330590,1179202,+43.1531687,-093.1998201,N
19,51061,1951061,B5,G6350,S,121469875,158296,+42.5807264,-095.7184712,N
19,52050,1952050,B5,G6350,S,83972685,55361,+42.6043139,-091.3299003,N
19,52727,1952727,B5,G6350,S,63043506,38395,+41.9547878,-090.3259397,N
19,51441,1951441,B5,G6350,S,40168897,98018,+42.1133047,-095.3154269,N
19,51529,1951529,B5,G6350,S,333100388,853349,+41.8604763,-095.6434634,N
19,51019,1951019,B5,G6350,S,236507950,279978,+42.2746792,-095.7356672,N
19,50111,1950111,B5,G6350,S,71187442,297164,+41.6921189,-093.8053755,N
19,52330,1952330,B5,G6350,S,123160697,0,+42.3494447,-091.5004963,N
19,52601,1952601,B5,G6350,S,287154693,24870627,+40.8560495,-091.1297168,N
19,52640,1952640,B5,G6350,S,188599646,43999,+41.1012374,-091.2804660,N
19,52638,1952638,B5,G6350,S,88053650,467658,+40.8014531,-091.2423271,N
19,51334,1951334,B5,G6350,S,485368079,6412989,+43.4041087,-094.8050565,N
19,51355,1951355,B5,G6350,S,6366547,4686146,+43.3881772,-095.1366931,N
19,52032,1952032,B5,G6350,S,272313928,258490,+42.2896459,-090.8395339,N
19,52039,1952039,B5,G6350,S,91068312,0,+42.5391419,-090.8609580,N
19,52175,1952175,B5,G6350,S,224708583,0,+42.9939454,-091.8256243,N
19,52144,1952144,B5,G6350,S,194119174,0,+43.1391522,-091.9623622,N
19,52161,1952161,B5,G6350,S,140304657,0,+43.1295300,-091.7571251,N
19,51640,1951640,B5,G6350,S,310350585,3639361,+40.6234884,-095.6562225,Y
19,51639,1951639,B5,G6350,S,186680453,110567,+40.7201216,-095.4664025,N
19,50029,1950029,B5,G6350,S,104965036,73324,+41.8289558,-094.5559334,N
19,50680,1950680,B5,G6350,S,138682394,0,+42.4520942,-092.9230373,N
19,50480,1950480,B5,G6350,S,162227230,796098,+43.2503671,-094.0586066,N
19,50122,1950122,B5,G6350,S,218555456,65908,+42.3053624,-093.3118071,N
19,50628,1950628,B5,G6350,S,289171765,185024,+43.2727096,-092.3940455,N
19,52136,1952136,B5,G6350,S,552203778,240784,+43.3740768,-092.1116730,N
19,50541,1950541,B5,G6350,S,236217558,1532105,+42.7102281,-094.4523868,N
19,52251,1952251,B5,G6350,S,106312085,27088,+41.7123925,-092.2017095,N
19,52236,1952236,B5,G6350,S,74129557,18621,+41.7335729,-091.8765679,N
19,50028,1950028,B5,G6350,S,114863517,70134,+41.8120157,-093.1536723,N
19,52540,1952540,B5,G6350,S,253576975,4104687,+41.1562049,-091.8215786,N
19,52567,1952567,B5,G6350,S,73121919,0,+40.9301928,-092.0779555,N
19,52205,1952205,B5,G6350,S,308696311,1249997,+42.1197667,-091.2862938,N
19,52362,1952362,B5,G6350,S,157402805,27137,+42.0789914,-090.9834155,N
19,50539,1950539,B5,G6350,S,139538906,0,+43.2369613,-094.4199831,N
19,52314,1952314,B5,G6350,S,154117330,1540724,+41.9353625,-091.4476841,N
19,52214,1952214,B5,G6350,S,244351368,3271134,+42.1878720,-091.5092664,N
19,52227,1952227,B5,G6350,S,74705535,1308018,+41.8944682,-091.5685266,N
19,52202,1952202,B5,G6350,S,65271185,23892,+42.1594957,-091.6384401,N
19,52737,1952737,B5,G6350,S,607264,0,+41.2592772,-091.3746106,N
19,50163,1950163,B5,G6350,S,1230059,0,+41.2223875,-093.2410353,N
19,50148,1950148,B5,G6350,S,51098115,0,+42.1813054,-092.9928250,N
19,51554,1951554,B5,G6350,S,6840874,0,+41.1473875,-095.6818485,N
19,50455,1950455,B5,G6350,S,84207513,0,+43.4569537,-092.6498425,N
19,51231,1951231,B5,G6350,S,73029493,0,+43.1031294,-095.7421992,N
19,51022,1951022,B5,G6350,S,204082524,0,+42.9769821,-095.8500254,N
19,51238,1951238,B5,G6350,S,118821879,9457,+43.0743511,-095.8927328,N
19,51027,1951027,B5,G6350,S,239811950,23769,+42.9603131,-096.3222315,N
19,50073,1950073,B5,G6350,S,67244090,176052,+41.7938313,-093.5252130,N
19,50310,1950310,B5,G6350,S,20861437,262109,+41.6275816,-093.6726595,N
19,50309,1950309,B5,G6350,S,7348586,427887,+41.5844499,-093.6207781,N
19,50032,1950032,B5,G6350,S,955390,0,+41.6665207,-093.5423867,N
19,51536,1951536,B5,G6350,S,124194420,761423,+41.3868938,-095.3587149,N
19,51525,1951525,B5,G6350,S,156751446,1538703,+41.2337696,-095.4163718,N
19,50861,1950861,B5,G6350,S,112876664,644174,+40.9084311,-094.2559222,N
19,51458,1951458,B5,G6350,S,245286348,121235,+42.3263737,-095.2353070,N
19,52802,1952802,B5,G6350,S,24767339,4527073,+41.4945145,-090.6371868,N
19,52756,1952756,B5,G6350,S,110779391,328250,+41.7294007,-090.5391146,N
19,52746,1952746,B5,G6350,S,68556073,251241,+41.7164551,-090.6703917,N
19,52342,1952342,B5,G6350,S,232363570,297341,+42.0576714,-092.5474832,N
19,50833,1950833,B5,G6350,S,532934532,3390787,+40.6705455,-094.7008881,N
19,50830,1950830,B5,G6350,S,305947024,670811,+41.0271007,-094.1910968,N
19,50060,1950060,B5,G6350,S,452369096,1241090,+40.7514078,-093.3188599,N
19,50518,1950518,B5,G6350,S,80803741,0,+42.5149115,-094.3860208,N
19,50501,1950501,B5,G6350,S,403940220,3275560,+42.4914307,-094.1966257,N
19,50544,1950544,B5,G6350,S,75465666,0,+42.2507271,-094.1705452,N
19,50465,1950465,B5,G6350,S,9497218,0,+43.4865498,-093.9122286,N
19,51054,1951054,B5,G6350,S,103979705,2349320,+42.3801263,-096.3161112,N
19,51007,1951007,B5,G6350,S,87318034,0,+42.4039489,-096.1870644,N
19,50440,1950440,B5,G6350,S,80662384,3414,+43.3333408,-093.0712578,N
19,50070,1950070,B5,G6350,S,170639223,431546,+41.4455375,-094.2326322,N
19,50048,1950048,B5,G6350,S,226295338,277932,+41.5124572,-094.5200583,N
19,52160,1952160,B5,G6350,S,103221189,480892,+43.4596533,-091.3517119,N
19,52594,1952594,B5,G6350,S,121874560,112662,+40.8358943,-092.6509854,N
19,52571,1952571,B5,G6350,S,248003228,28399326,+40.8820425,-092.8406097,N
19,52544,1952544,B5,G6350,S,354995856,988963,+40.7066418,-092.9122720,N
19,51531,1951531,B5,G6350,S,73952439,0,+41.5886848,-095.0872159,N
19,52249,1952249,B5,G6350,S,131160363,0,+42.0141521,-092.2054265,N
19,52318,1952318,B5,G6350,S,95080335,0,+41.8892797,-091.8927299,N
19,52354,1952354,B5,G6350,S,76593832,0,+41.9159812,-091.9877589,N
19,50702,1950702,B5,G6350,S,24299017,1309473,+42.4577135,-092.3122049,N
19,50626,1950626,B5,G6350,S,130268151,624653,+42.5870468,-092.1755328,N
19,50667,1950667,B5,G6350,S,5217793,0,+42.4702252,-092.2264149,N
19,50648,1950648,B5,G6350,S,223049944,162774,+42.4532052,-092.0932302,N
19,50629,1950629,B5,G6350,S,204632578,696088,+42.6486695,-092.0715373,N
19,52210,1952210,B5,G6350,S,90408046,54596,+42.3358237,-092.0013617,N
19,50568,1950568,B5,G6350,S,219912855,158438,+42.6260503,-094.9840088,N
19,51005,1951005,B5,G6350,S,244144831,25429,+42.7236030,-095.4187910,N
19,50601,1950601,B5,G6350,S,367829271,182849,+42.5677676,-093.0600581,N
19,50433,1950433,B5,G6350,S,125889253,0,+42.9232424,-093.0501835,N
19,50575,1950575,B5,G6350,S,163446600,0,+42.5603442,-094.7004908,N
19,51430,1951430,B5,G6350,S,105486875,44158,+42.0822583,-095.0247218,N
19,51467,1951467,B5,G6350,S,168862484,113009,+42.0726604,-095.1179952,N
19,52772,1952772,B5,G6350,S,339596319,2731777,+41.7551674,-091.1436720,N
19,52747,1952747,B5,G6350,S,56082804,11347,+41.6111416,-090.9054159,N
19,50428,1950428,B5,G6350,S,306745321,9634833,+43.1369333,-093.3971074,N
19,50457,1950457,B5,G6350,S,88503707,0,+42.9163370,-093.4936083,N
19,51049,1951049,B5,G6350,S,113047876,50072,+42.6292767,-095.6481119,N
19,51037,1951037,B5,G6350,S,61667480,0,+42.8266711,-095.6431372,N
19,51046,1951046,B5,G6350,S,240751766,166273,+42.9618338,-095.6780200,N
19,50658,1950658,B5,G6350,S,184273746,2823857,+42.9627813,-092.5425128,N
19,50275,1950275,B5,G6350,S,131849713,0,+41.0375362,-093.5896022,N
19,50515,1950515,B5,G6350,S,95985264,91529,+43.0222169,-094.8633710,N
19,51301,1951301,B5,G6350,S,404708301,2234108,+43.1531703,-095.1476544,N
19,51357,1951357,B5,G6350,S,108592195,0,+43.0607731,-095.2806172,N
19,52044,1952044,B5,G6350,S,31383574,0,+42.7690195,-091.3235060,N
19,52042,1952042,B5,G6350,S,161442828,20364,+42.6980931,-091.3575154,N
19,52052,1952052,B5,G6350,S,230273665,18726685,+42.7424433,-091.1167012,N
19,52158,1952158,B5,G6350,S,2809122,548463,+43.0439465,-091.1824033,N
19,52069,1952069,B5,G6350,S,132636290,641384,+42.0635962,-090.4423225,N
19,52064,1952064,B5,G6350,S,106639281,901301,+42.0935736,-090.3108258,N
19,51520,1951520,B5,G6350,S,48585455,0,+41.9695420,-095.4614305,N
19,51527,1951527,B5,G6350,S,101087935,21989,+41.8400754,-095.3363617,N
19,51454,1951454,B5,G6350,S,259200047,113184,+41.8712793,-095.2027310,N
19,50109,1950109,B5,G6350,S,56668494,6088741,+41.7708802,-093.8006306,N
19,50277,1950277,B5,G6350,S,104453458,170820,+41.7797852,-094.3505763,N
19,50261,1950261,B5,G6350,S,171581878,1660853,+41.4750633,-093.9158719,N
19,52552,1952552,B5,G6350,S,150432424,1450714,+40.8270925,-092.5487481,N
19,52570,1952570,B5,G6350,S,177255523,381961,+40.6874110,-092.1462246,N
19,50144,1950144,B5,G6350,S,361463599,1141463,+40.7390498,-093.7408004,N
19,52057,1952057,B5,G6350,S,361760049,590030,+42.4894811,-091.4558846,N
19,52223,1952223,B5,G6350,S,125813447,1806360,+42.4125797,-091.3243676,N
19,52237,1952237,B5,G6350,S,210347931,114007,+42.3443819,-091.2486935,N
19,52310,1952310,B5,G6350,S,384963817,219776,+42.2204159,-091.1952526,N
19,52001,1952001,B5,G6350,S,67709949,7347814,+42.5454119,-090.6962995,N
19,52079,1952079,B5,G6350,S,153776141,0,+42.2855541,-090.7162483,N
19,51365,1951365,B5,G6350,S,52560020,5880937,+43.3051733,-094.7325268,N
19,50655,1950655,B5,G6350,S,90963065,88615,+42.7655801,-091.8916920,N
19,50653,1950653,B5,G6350,S,133981606,767138,+42.9685950,-092.8857167,N
19,50441,1950441,B5,G6350,S,395173317,489337,+42.7413403,-093.2209733,N
19,51645,1951645,B5,G6350,S,107043333,0,+40.8818926,-095.4325238,N
19,51649,1951649,B5,G6350,S,105693737,640749,+40.8504057,-095.5270407,N
19,50129,1950129,B5,G6350,S,434205215,1453435,+42.0147710,-094.3767426,N
19,50609,1950609,B5,G6350,S,89198169,20429,+42.2283766,-092.8094664,N
19,50132,1950132,B5,G6350,S,74609258,0,+42.3916734,-093.6915298,N
19,50075,1950075,B5,G6350,S,119361655,7736,+42.3321391,-093.5506312,N
19,50231,1950231,B5,G6350,S,1065168,0,+42.2371231,-093.6026321,N
19,51557,1951557,B5,G6350,S,180194271,897572,+41.7317384,-095.9975573,Y
19,51545,1951545,B5,G6350,S,113915286,2206866,+41.8443161,-096.0301130,N
19,51556,1951556,B5,G6350,S,114386041,3108554,+41.6417086,-096.0292618,N
19,52647,1952647,B5,G6350,S,911591,0,+41.1351013,-091.5446577,N
19,50520,1950520,B5,G6350,S,61318438,754489,+42.8091904,-094.3979286,N
19,50582,1950582,B5,G6350,S,53208823,363628,+42.7938384,-094.2956647,N
19,51445,1951445,B5,G6350,S,327461286,411756,+42.3214147,-095.4622127,N
19,51016,1951016,B5,G6350,S,262372029,523403,+42.4716413,-095.8046452,N
19,52316,1952316,B5,G6350,S,180146786,147075,+41.5466337,-092.0955697,N
19,50168,1950168,B5,G6350,S,104677767,95694,+41.7883607,-093.2785464,N
19,50112,1950112,B5,G6350,S,475237392,434761,+41.7300934,-092.7154375,N
19,52404,1952404,B5,G6350,S,142043563,889927,+41.9230563,-091.6988664,N
19,52231,1952231,B5,G6350,S,84639740,95411,+41.3616561,-092.0591267,N
19,52561,1952561,B5,G6350,S,90093309,79519,+41.2202852,-092.4522616,N
19,50559,1950559,B5,G6350,S,102790935,0,+43.2088191,-094.3292433,N
19,52627,1952627,B5,G6350,S,176642169,11772493,+40.6820603,-091.3575836,N
19,52632,1952632,B5,G6350,S,131951222,8518800,+40.4325280,-091.4373433,N
19,52401,1952401,B5,G6350,S,3071004,393501,+41.9754858,-091.6591716,N
19,52754,1952754,B5,G6350,S,184729827,1275885,+41.3461847,-091.2258612,N
19,52739,1952739,B5,G6350,S,84960780,4250255,+41.3751714,-091.3673253,N
19,50151,1950151,B5,G6350,S,205300543,263300,+41.0819072,-093.5177902,N
19,50068,1950068,B5,G6350,S,114687763,61870,+40.9480726,-093.4662544,N
19,51237,1951237,B5,G6350,S,249747863,12058,+43.3360659,-096.0007636,N
19,51241,1951241,B5,G6350,S,232758318,9568,+43.4512320,-096.4617498,N
19,50218,1950218,B5,G6350,S,542828,0,+41.3483538,-093.8804051,N
19,52553,1952553,B5,G6350,S,216320658,2103436,+41.1484317,-092.6549289,N
19,52543,1952543,B5,G6350,S,53378306,19751,+41.2019774,-092.5126688,N
19,50162,1950162,B5,G6350,S,132095121,25577,+41.9282971,-093.0721735,N
19,50051,1950051,B5,G6350,S,66182743,390346,+42.1353921,-093.1413994,N
19,51551,1951551,B5,G6350,S,209838981,957138,+40.9908196,-095.5875013,N
19,51503,1951503,B5,G6350,S,307521189,3790189,+41.2232375,-095.7844582,N
19,51533,1951533,B5,G6350,S,213611876,29760,+41.0394540,-095.3781721,N
19,51063,1951063,B5,G6350,S,159921593,2136845,+42.1391587,-096.1683179,N
19,51056,1951056,B5,G6350,S,88612403,319810,+42.2412929,-095.9563960,N
19,50150,1950150,B5,G6350,S,147921893,614785,+41.1255077,-092.9751922,N
19,50847,1950847,B5,G6350,S,836560,26548,+41.1405625,-094.9823579,N
19,51636,1951636,B5,G6350,S,144434643,0,+40.6672815,-095.2325589,N
19,51656,1951656,B5,G6350,S,438077,0,+40.7347085,-095.1563429,N
19,50527,1950527,B5,G6350,S,141597255,0,+42.9649902,-094.7854172,N
19,51109,1951109,B5,G6350,S,46990825,2168732,+42.5801127,-096.4744333,N
19,50593,1950593,B5,G6350,S,480019,0,+42.6571966,-094.8988075,N
19,50124,1950124,B5,G6350,S,54098688,0,+41.8856724,-093.6040729,N
19,50313,1950313,B5,G6350,S,46753201,882092,+41.6544767,-093.6241798,N
19,50023,1950023,B5,G6350,S,57348146,75990,+41.7312858,-093.6318565,N
19,50315,1950315,B5,G6350,S,25951327,609004,+41.5459183,-093.6221237,N
19,50311,1950311,B5,G6350,S,6511832,0,+41.6010330,-093.6728683,N
19,50324,1950324,B5,G6350,S,3740280,0,+41.6044130,-093.7128470,N
19,50316,1950316,B5,G6350,S,9215176,87305,+41.6086291,-093.5995786,N
19,51510,1951510,B5,G6350,S,4841212,387357,+41.2885335,-095.9168723,N
19,51575,1951575,B5,G6350,S,126543884,25774,+41.2401896,-095.6022149,N
19,51548,1951548,B5,G6350,S,64393248,0,+41.3178525,-095.6369782,N
19,51553,1951553,B5,G6350,S,118479391,107957,+41.4244502,-095.5461602,N
19,50242,1950242,B5,G6350,S,106817265,137228,+41.5610393,-092.6937555,N
19,50860,1950860,B5,G6350,S,114501829,634749,+40.6174587,-094.3479437,N
19,50854,1950854,B5,G6350,S,348732719,2208507,+40.6793749,-094.2127699,N
19,52806,1952806,B5,G6350,S,79448284,0,+41.5896895,-090.6259019,N
19,52801,1952801,B5,G6350,S,939343,420565,+41.5210382,-090.5748493,N
19,52745,1952745,B5,G6350,S,73906469,475142,+41.7186018,-090.7664826,N
19,50012,1950012,B5,G6350,S,1972687,9935,+42.0267512,-093.6458733,N
19,50012,1950012,B5,G6350,S,1972687,9935,+42.0267512,-093.6458733,N
19,52348,1952348,B5,G6350,S,2376982,0,+41.9901368,-092.3814814,N
19,50254,1950254,B5,G6350,S,113421039,232611,+40.9875201,-094.0742401,N
19,52620,1952620,B5,G6350,S,137753252,1644039,+40.6978407,-091.7972194,N
19,52565,1952565,B5,G6350,S,300828566,6809169,+40.7420788,-091.9344916,N
19,52501,1952501,B5,G6350,S,584395540,6902331,+41.0357048,-092.4313704,N
19,50125,1950125,B5,G6350,S,423849028,2672916,+41.3351850,-093.5846336,N
19,50557,1950557,B5,G6350,S,129034762,1116719,+42.3608021,-094.0437345,N
19,50566,1950566,B5,G6350,S,89844358,21164,+42.4377698,-094.3236520,N
19,51106,1951106,B5,G6350,S,80695546,1007236,+42.4633957,-096.3215049,N
19,50456,1950456,B5,G6350,S,120416382,14091,+43.2913288,-093.2161353,N
19,50858,1950858,B5,G6350,S,206774627,220623,+41.2212629,-094.4096694,N
19,50851,1950851,B5,G6350,S,333878001,1336397,+40.9085841,-094.5370318,N
19,52156,1952156,B5,G6350,S,110195420,0,+43.0525121,-091.4623453,N
19,52101,1952101,B5,G6350,S,804344852,277310,+43.3536097,-091.7660497,N
19,52590,1952590,B5,G6350,S,194009522,516550,+40.6602209,-093.1249672,N
19,50022,1950022,B5,G6350,S,431487278,396033,+41.4143367,-094.9962656,N
19,52349,1952349,B5,G6350,S,379632680,3039464,+42.1732455,-092.0096303,N
19,50703,1950703,B5,G6350,S,242656830,2067185,+42.5480594,-092.2864306,N
19,50669,1950669,B5,G6350,S,239739631,10422,+42.3434574,-092.6025487,N
19,50036,1950036,B5,G6350,S,502476772,2586719,+42.0855537,-093.8642041,N
19,50645,1950645,B5,G6350,S,213772471,473555,+43.0195460,-092.4436494,N
19,50666,1950666,B5,G6350,S,139333332,922703,+42.8709658,-092.5201107,N
19,50641,1950641,B5,G6350,S,122810408,209379,+42.6065497,-091.9200326,N
19,50662,1950662,B5,G6350,S,175813071,236446,+42.6886619,-091.9374863,N
19,51366,1951366,B5,G6350,S,163533985,360554,+42.9607027,-095.0029538,N
19,50586,1950586,B5,G6350,S,91099208,22112,+42.4118596,-094.4255599,N
19,50551,1950551,B5,G6350,S,69704315,0,+42.4795768,-094.7511172,N
19,51451,1951451,B5,G6350,S,951902,3547,+42.1840795,-094.6951583,N
19,52778,1952778,B5,G6350,S,215809810,162565,+41.6095785,-090.9902075,N
19,52721,1952721,B5,G6350,S,108698097,0,+41.7569230,-090.9596958,N
19,52255,1952255,B5,G6350,S,112408307,0,+41.8636166,-090.9612471,N
19,51014,1951014,B5,G6350,S,139616307,30645,+42.7876395,-095.7073125,N
19,51358,1951358,B5,G6350,S,189121681,13832676,+43.1315317,-094.8995512,N
19,51364,1951364,B5,G6350,S,167034887,0,+43.2995524,-094.9654450,N
19,52076,1952076,B5,G6350,S,252900986,0,+42.6998198,-091.5101504,N
19,52048,1952048,B5,G6350,S,85789255,0,+42.7421258,-091.2572038,N
19,52742,1952742,B5,G6350,S,303606179,536597,+41.8382631,-090.5196995,N
19,52751,1952751,B5,G6350,S,128873436,212180,+41.8364351,-090.6797846,N
19,51461,1951461,B5,G6350,S,130099954,96174,+42.1761576,-095.4853426,N
19,51034,1951034,B5,G6350,S,290256763,619521,+42.1607539,-095.7896198,N
19,50039,1950039,B5,G6350,S,60629106,32941,+41.8142046,-093.9967780,N
19,50266,1950266,B5,G6350,S,42782812,278023,+41.5703415,-093.7994179,N
19,50066,1950066,B5,G6350,S,64261113,471078,+41.7980808,-094.2333957,N
19,52584,1952584,B5,G6350,S,58385858,165373,+40.6376697,-092.2481926,N
19,50140,1950140,B5,G6350,S,239713197,1964936,+40.6455201,-093.9862735,N
19,50147,1950147,B5,G6350,S,187377446,114299,+40.6292631,-093.5537272,N
19,52644,1952644,B5,G6350,S,111080445,0,+41.0399948,-091.4149800,N
19,52003,1952003,B5,G6350,S,146018984,5935120,+42.4307008,-090.6696822,N
19,52033,1952033,B5,G6350,S,252635822,0,+42.2790384,-091.0012572,N
19,52045,1952045,B5,G6350,S,123925080,0,+42.4608250,-090.9375408,N
19,52031,1952031,B5,G6350,S,434689857,13380220,+42.2525639,-090.4864206,N
19,50578,1950578,B5,G6350,S,192245774,85671,+43.3065018,-094.5495587,N
19,52142,1952142,B5,G6350,S,188687600,644278,+42.8248169,-091.7968506,N
19,50664,1950664,B5,G6350,S,95350,0,+42.7012490,-092.0761929,N
19,50420,1950420,B5,G6350,S,117256906,0,+42.8041557,-093.4604212,N
19,50633,1950633,B5,G6350,S,102851181,227351,+42.6717989,-093.1281824,N
19,50041,1950041,B5,G6350,S,1101427,0,+42.6384540,-093.2481475,N
19,50130,1950130,B5,G6350,S,170595167,1337885,+42.3033866,-093.6692639,N
19,50246,1950246,B5,G6350,S,120139148,14079,+42.2745814,-093.7861050,N
19,50599,1950599,B5,G6350,S,132976009,81058,+42.5793220,-093.8232167,N
19,50423,1950423,B5,G6350,S,374229159,2135683,+43.1182236,-093.8144654,N
19,50439,1950439,B5,G6350,S,84616343,89976,+42.9447170,-093.6263388,N
19,50154,1950154,B5,G6350,S,53144166,0,+42.1722607,-093.3927802,N
19,51565,1951565,B5,G6350,S,126093483,34627,+41.6429492,-095.5244294,N
19,52654,1952654,B5,G6350,S,135506241,559501,+41.1407019,-091.6717390,N
19,50577,1950577,B5,G6350,S,106941323,0,+42.8586650,-093.9770045,N
19,52347,1952347,B5,G6350,S,166647034,0,+41.7125404,-092.2844935,N
19,52355,1952355,B5,G6350,S,95190631,19139,+41.4606173,-092.1918321,N
19,50208,1950208,B5,G6350,S,425424684,621979,+41.7117214,-093.0339577,N
19,50153,1950153,B5,G6350,S,80343018,29176,+41.5738959,-092.8070214,N
19,50237,1950237,B5,G6350,S,143182465,2820344,+41.5339059,-093.3685358,N
19,52580,1952580,B5,G6350,S,98696227,69238,+41.1052180,-092.0903310,N
19,52563,1952563,B5,G6350,S,299042502,108928,+41.1695127,-092.2793071,N
19,52340,1952340,B5,G6350,S,42919615,20868,+41.7056335,-091.6768252,N
19,52240,1952240,B5,G6350,S,414515848,1055470,+41.6342085,-091.4990500,N
19,52246,1952246,B5,G6350,S,23555236,276773,+41.6523132,-091.5704070,N
19,52246,1952246,B5,G6350,S,23555236,276773,+41.6523132,-091.5704070,N
19,52242,1952242,B5,G6350,S,1874659,121019,+41.6617775,-091.5483467,N
19,52335,1952335,B5,G6350,S,144626544,85893,+41.4679609,-092.0537959,N
19,50590,1950590,B5,G6350,S,203960351,20388,+43.4070589,-094.3148789,N
19,52626,1952626,B5,G6350,S,243657718,3779546,+40.6235145,-091.7242956,Y
19,52219,1952219,B5,G6350,S,1194124,0,+42.2377349,-091.4258360,N
19,52336,1952336,B5,G6350,S,127231477,22255,+42.0705162,-091.4323623,N
19,52328,1952328,B5,G6350,S,7989464,0,+42.0716007,-091.6660914,N
19,52752,1952752,B5,G6350,S,984227,0,+41.2747259,-091.1912220,N
19,51201,1951201,B5,G6350,S,295733762,83830,+43.1778304,-095.8660913,N
19,51239,1951239,B5,G6350,S,171486564,27377,+43.2039173,-096.1474814,N
19,52577,1952577,B5,G6350,S,411815079,3957417,+41.2729832,-092.6616406,N
19,52534,1952534,B5,G6350,S,1012395,0,+41.2719524,-092.6819304,N
19,50138,1950138,B5,G6350,S,442220413,19606875,+41.3005894,-093.1051851,N
19,51573,1951573,B5,G6350,S,156082408,69715,+40.9795588,-095.0970516,N
19,51350,1951350,B5,G6350,S,112104258,0,+43.3109628,-095.6008332,N
19,51647,1951647,B5,G6350,S,49689882,0,+40.6088734,-095.3197181,N
19,50562,1950562,B5,G6350,S,165098566,0,+42.9615320,-094.6417885,N
19,51024,1951024,B5,G6350,S,232644349,84098,+42.6121424,-096.2629827,N
19,50021,1950021,B5,G6350,S,66701596,24328,+41.7242084,-093.5654228,N
19,50007,1950007,B5,G6350,S,13782897,0,+41.8068143,-093.6020083,N
19,50171,1950171,B5,G6350,S,279932013,1743671,+41.5858516,-092.5254129,N
19,50863,1950863,B5,G6350,S,77735238,443429,+40.8477808,-094.1757344,N
19,50535,1950535,B5,G6350,S,157943720,548655,+42.4531863,-095.1624894,N
19,51466,1951466,B5,G6350,S,133431076,1117550,+42.2571682,-095.1067321,N
19,52768,1952768,B5,G6350,S,83537465,5943919,+41.7006799,-090.3869974,N
19,52758,1952758,B5,G6350,S,1608926,136965,+41.7425138,-090.4373493,N
19,51447,1951447,B5,G6350,S,90268943,0,+41.7220939,-095.1959808,N
19,51234,1951234,B5,G6350,S,129270904,3603,+43.1922047,-096.0193348,N
19,51250,1951250,B5,G6350,S,186171025,227938,+43.0909335,-096.2058109,N
19,51244,1951244,B5,G6350,S,778428,0,+43.2447723,-095.9355554,N
19,50105,1950105,B5,G6350,S,20560447,0,+42.1102851,-093.6372844,N
19,51646,1951646,B5,G6350,S,162217900,686028,+40.7476852,-094.8744485,N
19,52573,1952573,B5,G6350,S,73619608,1010778,+40.6275690,-091.9288495,Y
19,52548,1952548,B5,G6350,S,588295,34434,+41.0858345,-092.5329814,N
19,50165,1950165,B5,G6350,S,6437634,0,+40.8436612,-093.2836952,N
19,50523,1950523,B5,G6350,S,109190936,0,+42.3679943,-094.2957342,N
19,50521,1950521,B5,G6350,S,3160848,0,+42.3462234,-094.1028210,N
19,51101,1951101,B5,G6350,S,3050811,87953,+42.4936881,-096.3941843,N
19,51111,1951111,B5,G6350,S,17306992,686395,+42.4185000,-096.3931032,N
