,Zip Code,predicted total sales,predicted dollar/litre,Store Count,Area (sqkm),Stores per sqkm
0,50001,313301.381403,12.2798747388,,,
1,50002,-182908.324048,13.0384542075,2.0,279.202219,0.00716326685068
380,50003,1168210.19293,13.3688436331,3.0,298.086291,0.0100641998327
3255,50005,-545807.733955,12.0057262409,,,
3256,50006,105146.086003,12.8289012556,2.0,317.74515,0.00629435256526
4504,50007,41853.8395693,11.733047661,,,
4505,50008,-462744.155065,12.0318282771,,,
4506,50009,2449157.57086,14.2410231705,9.0,65.207113,0.13802175232
25906,50010,8473547.47089,14.2314180661,21.0,155.294118,0.13522727242
97018,50014,4140747.10023,13.1599641252,4.0,144.826088,0.0276193333345
101799,50020,-29473.0890779,12.2257543302,2.0,249.128489,0.00802798591212
103285,50021,5582595.3107,14.6009903805,12.0,66.725924,0.179840147287
128450,50022,986245.693398,12.87115946,7.0,431.883311,0.0162080817242
139416,50025,160587.177116,13.2083403465,3.0,507.431421,0.00591212896136
141608,50026,-46947.2418681,12.4895857157,,,
141609,50027,-769347.29835,11.664323668,,,
141610,50028,416539.722715,12.3701834214,2.0,114.933651,0.0174013440154
142254,50029,-497371.735154,12.8920136297,,,
142255,50032,1474966.02368,12.1308033408,,,
142256,50033,-321545.476458,12.450911341,1.0,0.288201,3.46980059056
142924,50034,-1043866.89948,11.7196371959,,,
142925,50035,223779.166438,13.1616222687,1.0,116.89815,0.00855445531003
146848,50036,1931113.89767,13.3388740029,9.0,505.063491,0.0178195418207
160759,50038,-306964.958683,14.3082243145,,,
160760,50039,-853517.345334,12.1644077092,,,
160761,50041,-645091.895333,10.6658975236,,,
160762,50042,-632176.297274,12.8159058267,,,
160763,50044,-450707.256448,12.6614384119,1.0,118.473056,0.00844073778261
160928,50046,158158.813683,13.0228680197,1.0,119.973352,0.00833518429993
161461,50047,245286.523183,13.106764492,2.0,152.159628,0.01314409102
163434,50048,-274064.869723,11.9659885608,1.0,226.57327,0.00441358329692
163778,50049,369323.095602,12.9381114109,3.0,523.124656,0.0057347707962
168799,50050,98650.902073,13.0633287616,,,
168800,50051,-1598228.12103,11.3562941053,,,
168801,50052,-879061.050574,12.0990084241,,,
168802,50054,914791.508798,12.6501976153,2.0,152.872278,0.013082816755
170702,50055,101852.553328,11.9111503821,,,
170703,50056,522142.97564,12.9665907649,1.0,149.192377,0.00670275532911
171048,50057,-426809.832115,12.1640633764,,,
171049,50058,187303.540637,13.0990475394,2.0,364.231967,0.0054910062301
172114,50060,-183128.417937,12.8622012221,1.0,453.610186,0.00220453603306
173433,50061,-106571.93839,14.4890906613,1.0,81.699043,0.0122400454556
173504,50062,-515489.844041,12.1924173888,,,
173505,50063,-99098.044339,12.7067205766,,,
173506,50064,-1064601.49345,12.3784222423,,,
173507,50065,-843292.915937,12.8326409291,,,
173508,50066,-587354.003893,12.5959683842,,,
173509,50067,-594779.940292,13.2197769391,,,
173510,50068,-877721.522686,12.7297954001,,,
173511,50069,112061.842603,12.051698547,2.0,13.262492,0.150801221972
174737,50070,209650.724389,12.3917287096,,,
174738,50071,-562238.084824,12.3741638906,1.0,293.114182,0.00341163976842
174927,50072,367684.297776,12.8523418464,1.0,228.908869,0.00436855070041
175327,50073,250355.208656,13.3515779903,,,
175328,50074,2092752.33808,12.6341745417,,,
175329,50075,490815.754651,13.6452821354,1.0,119.369391,0.00837735697253
176171,50076,-669318.997055,12.5411012004,1.0,290.651382,0.00344054789321
176479,50078,-1389577.05476,12.8860475687,,,
176480,50101,-1817733.11378,10.0086699957,,,
176481,50102,-1358667.20805,12.159966365,,,
176482,50103,-908828.458656,13.0917599118,,,
176483,50104,-205543.893965,14.4328642057,,,
176484,50105,352409.149163,13.6912293872,,,
176485,50106,-106081.593306,12.5249388416,,,
176486,50107,-50712.6052147,13.2315447281,1.0,130.433186,0.00766676051293
176712,50108,-255173.417836,12.9622451559,,,
176713,50109,-91232.6226869,13.5871557516,1.0,62.757235,0.0159344177608
177337,50111,2074580.2053,14.3939449938,6.0,71.484606,0.0839341549984
193176,50112,1778144.55537,13.4189077907,7.0,475.672153,0.0147160180722
208573,50115,-1033462.92445,12.8815032185,2.0,441.185334,0.00453324225868
209944,50116,-1390057.93607,11.7088680452,,,
209945,50117,851292.206037,12.2189863699,,,
209946,50118,-791888.405832,12.6477378475,,,
209947,50119,-501877.005499,11.9415868227,,,
209948,50120,-158521.076464,13.611965862,,,
209949,50122,97566.6058412,12.8913135877,1.0,218.621364,0.00457411838305
210767,50123,153014.305737,12.1164475243,1.0,204.584834,0.00488794785248
211028,50124,1161391.97122,14.2279242529,2.0,54.098688,0.0369694732708
212263,50125,1863657.30638,13.3677998501,8.0,426.521944,0.0187563620408
229784,50126,927590.563084,13.2369906862,5.0,351.87483,0.0142095983393
236803,50128,-745611.939254,12.1097231435,,,
236804,50129,-237302.693969,12.8169787267,5.0,435.65865,0.0114768753013
245265,50130,556975.334511,12.9017235017,1.0,171.933052,0.00581621734953
246035,50131,1611004.62366,15.649781519,10.0,64.666939,0.154638524022
267325,50132,-613359.420359,11.7995790618,,,
267326,50133,35127.184345,13.0285607752,,,
267327,50134,3252.85494839,12.3128404016,,,
267328,50135,35329.7584985,12.0026508988,1.0,195.278764,0.00512088452178
268091,50136,-934443.007955,13.6283706643,1.0,100.632209,0.00993717627723
268288,50138,1663287.4055,12.561616728,5.0,461.827288,0.0108265581743
282163,50139,-721070.739191,12.7627575586,,,
282164,50140,2489229.84364,14.725122137,2.0,241.678133,0.00827546942362
283278,50141,-522171.36894,12.3920085326,,,
283279,50142,166670.572763,12.5700290096,1.0,2.566675,0.389609124646
286169,50143,-379274.313299,12.247233427,,,
286170,50144,330967.312049,13.184791823,3.0,362.605062,0.00827346420222
287524,50146,-932208.721942,11.4717282481,,,
287525,50147,-365999.255466,12.2169134488,,,
287526,50148,-222481.133078,11.7300941323,,,
287527,50149,-125178.521867,11.9421671324,,,
287528,50150,113794.844876,12.4179499683,1.0,148.536678,0.00673234391306
287657,50151,-863816.593386,11.6054069948,,,
287658,50153,-49572.9838977,12.0724406899,,,
287659,50154,173760.646884,11.596916512,,,
287660,50155,-482193.010701,11.5696418252,,,
287661,50156,-167590.674547,13.2475154417,1.0,238.724015,0.00418893758971
289541,50157,-209751.746033,11.2285615936,,,
289542,50158,3101042.89065,14.2368254684,12.0,548.346934,0.0218839556783
316315,50160,477278.324462,12.5925486819,1.0,0.965184,1.03607187852
316457,50161,-247269.208458,12.8121778086,1.0,211.812219,0.00472116294669
316761,50162,-105550.123969,12.3207316351,1.0,132.120698,0.00756883679195
316818,50164,-117135.295205,12.1889209355,,,
316819,50165,61382.5751303,15.4277132768,,,
316820,50166,211164.324398,11.9766862606,,,
316821,50167,-270902.933636,12.4686736006,,,
316822,50168,-207266.311099,11.8483888712,,,
316823,50169,681634.241724,12.9036020968,,,
316824,50170,-73504.5408608,11.8844798212,2.0,230.99503,0.00865819494038
318004,50171,586935.407424,11.8155320903,3.0,281.675684,0.0106505466052
321587,50173,-986495.378733,13.5317682747,,,
321588,50174,47350.6500178,11.7515422777,,,
321589,50201,1070130.07546,13.3247807522,5.0,300.453642,0.0166415023852
330992,50206,-892446.403898,13.8676943648,,,
330993,50207,-206190.540014,12.3011471418,1.0,366.588282,0.00272785587838
331364,50208,2204569.20839,13.3542747255,6.0,426.046663,0.0140829644287
354715,50210,-89275.9568893,12.3264903874,1.0,196.767136,0.00508214949065
355081,50211,533681.90506,13.7808212238,6.0,147.182178,0.0407658052186
359558,50212,709702.264234,12.3982864944,2.0,352.230522,0.00567809963953
360802,50213,701982.271925,13.2681144844,6.0,543.975469,0.0110299091447
367584,50214,-352257.494477,11.8442032421,,,
367585,50216,1137179.39578,12.7266084373,2.0,145.699881,0.0137268471757
369982,50217,-391859.51797,12.3271817708,,,
369983,50218,-1234132.5625,11.6632330798,,,
369984,50219,2213780.74067,13.5004277295,3.0,317.144262,0.0094594175568
378698,50220,540113.106246,12.939199453,5.0,268.176779,0.0186444181284
386618,50222,-2006049.73655,12.021901366,,,
386619,50223,-531920.104563,12.074450844,,,
386620,50225,-163367.196245,12.72836207,2.0,217.246336,0.0092061391544
388195,50226,-628792.304402,13.0907757335,3.0,109.873855,0.0273040387998
390948,50227,-256533.524184,10.5051515904,,,
390949,50228,-8481.16671575,12.6426048327,1.0,180.367188,0.00554424566402
391281,50229,71816.2082756,10.9959908383,,,
391282,50230,-48724.1858598,12.7553488358,,,
391283,50231,-270164.208786,13.4069973913,,,
391284,50232,-219048.453236,11.9667087506,,,
391285,50233,-385794.910259,12.3500545657,,,
391286,50234,-327247.620443,11.5624115301,,,
391287,50235,-401501.716109,12.803446273,,,
391288,50236,610956.758881,13.7131622951,,,
391289,50237,438227.315094,12.192139289,1.0,146.002809,0.00684918329208
391336,50238,-71255.0854914,11.8428119185,,,
391337,50239,-456501.335383,12.365394552,,,
391338,50240,3761.94605792,12.2436133926,1.0,197.714047,0.00505780957486
391551,50242,520445.642072,13.2103328742,,,
391552,50243,-370591.058005,11.5855353699,,,
391553,50244,781776.596713,13.9386080843,1.0,57.130248,0.0175038624023
394309,50246,-327773.859713,12.6452691155,,,
394310,50247,192433.250743,12.4658183583,2.0,215.968634,0.00926060401901
396124,50248,-18679.813704,13.833525817,5.0,211.580755,0.0236316388983
399439,50249,125997.316683,12.7650223635,1.0,202.332923,0.00494234939709
400215,50250,936633.774098,12.6286020265,2.0,265.060086,0.0075454589568
402993,50251,-510625.763655,12.1521655552,1.0,104.817095,0.00954042849594
403108,50252,304856.994639,12.1947751719,,,
403109,50254,-638946.397143,11.4567023912,,,
403110,50256,-1222139.1574,12.0991654255,,,
403111,50257,-714858.021126,11.9638804673,,,
403112,50258,-87655.9323466,12.7460457576,,,
403113,50261,-22465.5055067,12.8546890608,1.0,173.242731,0.00577224795654
403280,50262,-745752.523911,11.7780216703,,,
403281,50263,1461038.5397,14.5661481395,5.0,90.002855,0.0555537932658
417578,50264,-1127445.93249,12.3258028244,,,
417579,50265,4314941.04964,15.7650245497,15.0,46.466559,0.322812799631
461293,50266,7543544.62717,17.2395161132,16.0,43.060835,0.371567341878
489937,50268,-77058.9714824,12.9862934351,,,
489938,50271,-237518.403291,12.0912939356,,,
489939,50272,211348.799925,12.8065179093,,,
489940,50273,211032.017845,12.7747343302,5.0,519.17142,0.00963073044352
498248,50274,8941.12698086,12.6509473993,,,
498249,50275,-692150.133785,11.607236329,,,
498250,50276,25119.3665969,12.9562586151,1.0,209.84696,0.00476537758755
498648,50277,688753.170461,12.6929922627,,,
498649,50278,-159478.600279,12.3853486404,,,
498650,50309,2834149.8939,15.9305584362,6.0,7.776473,0.771558005795
503804,50310,4563761.0841,14.5839831808,8.0,21.123546,0.37872429184
526354,50311,5946329.49116,15.3063356945,7.0,6.511832,1.07496630748
560114,50312,1963190.92759,16.3244132089,5.0,15.05106,0.332202515969
572504,50313,2629799.36146,13.9714966165,9.0,47.635293,0.188935544072
580884,50314,3252568.21504,16.8777639789,6.0,6.629721,0.905015459927
625656,50315,5740926.48227,14.6014102936,11.0,26.560331,0.414151465206
656562,50316,2070310.90095,15.4687264265,7.0,9.302481,0.752487427816
670074,50317,3407707.1628,14.5384528864,20.0,60.041842,0.333101039772
715286,50320,5403807.72635,14.7592920506,9.0,49.547031,0.181645596484
747585,50321,1013862.00919,14.4700002714,5.0,30.969186,0.16145080468
765108,50322,5668030.11553,15.6184729173,19.0,27.938267,0.6800708147
794104,50323,-1964882.84631,14.2075654561,4.0,19.984131,0.200158816013
795840,50325,3945624.30977,16.7603935841,9.0,20.224117,0.445013248292
805045,50401,5253946.35365,12.9996784879,14.0,387.509792,0.0361281193121
847380,50420,-89693.1861509,12.7467693983,,,
847381,50421,84260.0561072,12.8492494747,3.0,232.911303,0.0128804397269
850510,50423,337138.659669,12.7618087508,2.0,376.364842,0.00531399263909
852236,50424,-328595.081961,12.2905127144,2.0,315.854649,0.00633202647589
853812,50426,-455916.143257,14.0248500975,,,
853813,50428,3444974.22282,14.0204229626,4.0,316.380154,0.0126430180573
873814,50430,-212973.307121,12.7973643481,1.0,160.984015,0.00621179686691
874119,50431,-460021.771143,13.4601150031,,,
874120,50432,-241855.637872,12.9445682789,,,
874121,50433,-1463353.36346,12.7883656507,,,
874122,50434,-618417.442202,12.2085700143,,,
874123,50435,-800019.654283,12.4893315143,1.0,105.304339,0.00949628485869
875360,50436,153744.205665,13.3514540276,2.0,354.034151,0.00564917252856
881258,50438,25761.602581,12.2673398802,1.0,342.63578,0.0029185510048
883056,50439,-532956.144801,12.6889804349,,,
883057,50440,183243.063005,12.1066354014,,,
883058,50441,149821.117722,13.1301560081,4.0,395.662654,0.0101096223249
890301,50444,-535454.641231,12.5258860816,,,
890302,50446,-383742.396419,11.4364839948,,,
890303,50447,-585718.166284,12.8536858985,,,
890304,50448,-854548.375014,11.6784359049,,,
890305,50449,-440294.903016,12.4223426562,,,
890306,50450,493310.824093,12.3787182968,3.0,214.081289,0.0140133685387
892371,50451,-340836.587355,12.8319579635,,,
892372,50452,-300709.605934,13.5375099071,1.0,127.424687,0.00784777285739
892502,50453,-793315.785286,11.2876752441,,,
892503,50454,-202308.651596,11.5829283896,,,
892504,50455,-1413039.60717,12.8511765244,,,
892505,50456,-18210.1438264,12.8278478482,1.0,120.430473,0.00830354622953
892839,50457,-481241.797033,11.952754604,,,
892840,50458,227789.593985,12.5930950509,1.0,190.798489,0.00524113165278
893215,50459,-158571.970734,12.4248517533,2.0,375.483499,0.00532646575769
896719,50460,-104079.220003,12.1348685179,,,
896720,50461,1350687.94106,12.6867796701,2.0,446.474922,0.00447953491103
904718,50464,11332.1653557,12.0159866718,,,
904719,50465,-545909.615377,13.1127261368,,,
904720,50466,-866261.703413,13.2768463289,1.0,354.341172,0.00282213888484
905128,50468,158190.619843,12.8253165719,,,
905129,50469,-301725.20585,12.2213227956,2.0,227.879604,0.00877656431244
906921,50470,-327628.874497,11.8788798228,,,
906922,50471,303192.399591,13.1814511259,,,
906923,50472,-75589.7159853,12.8693009123,2.0,316.41701,0.00632077270435
908748,50473,-1152533.25556,12.5128235897,,,
908749,50475,-167958.681936,12.3221607446,1.0,231.102519,0.00432708394667
908998,50476,-281293.943141,12.8644691766,,,
908999,50477,-786731.467658,11.8749640565,,,
909000,50478,-709958.252963,12.7318766,,,
909001,50479,-6691.28981558,12.7676962614,,,
909002,50480,-455135.849675,12.8693903369,,,
909003,50482,731070.58641,13.3917061717,,,
909004,50483,-703942.024394,13.1670310892,1.0,198.210428,0.00504514323535
910624,50484,-205987.43802,13.058495151,,,
910625,50501,4885350.55191,14.0892145301,16.0,407.21578,0.039291208214
940053,50510,-152132.787978,12.6263131459,,,
940054,50511,702345.163588,12.4764153883,3.0,321.723723,0.0093247708687
950207,50514,-313620.522557,12.2083392663,1.0,287.766282,0.00347504229144
950448,50515,-120796.430778,12.6331788735,,,
950449,50516,216894.268833,13.1402693888,,,
950450,50517,-149993.708752,12.4602304148,1.0,198.110964,0.00504767621039
954081,50518,-242106.032165,13.0792749965,,,
954082,50519,-810312.530608,12.8491635955,,,
954083,50520,-1236040.63133,11.4696744034,,,
954084,50521,605474.458947,14.0059766445,,,
954085,50522,-485241.597949,12.3292824461,,,
954086,50523,406901.423977,12.6731781323,,,
954087,50524,-459356.111142,12.7608030467,,,
954088,50525,-360380.209883,12.5347163781,3.0,363.773781,0.00824688352127
956006,50527,-527355.341055,12.6253579757,,,
956007,50528,-281407.608758,12.3624496856,,,
956008,50529,120859.220254,12.5383155935,1.0,1.445412,0.691844263089
956238,50530,212629.021696,12.4413699776,1.0,168.385319,0.00593876001743
957247,50531,-1044651.73857,12.4885223035,,,
957248,50532,-786396.341167,13.103387422,,,
957249,50533,-298923.988677,12.8013088436,2.0,258.50312,0.00773685052621
960153,50535,-313925.081911,12.8202196789,1.0,158.492375,0.00630945179539
960460,50536,-63742.0612959,13.2069555449,6.0,370.232494,0.0162060329583
969972,50538,-514047.655927,12.1898717539,,,
969973,50539,-433068.413938,12.989743225,,,
969974,50540,-218371.381141,12.9513780441,1.0,275.625728,0.00362810833102
970066,50541,-250250.183252,12.1000453827,1.0,237.749663,0.00420610480529
970263,50542,-108914.990026,12.2078040075,1.0,172.884137,0.00578422067723
970417,50543,400739.245904,12.8740781975,2.0,212.824794,0.0093974013197
972330,50544,-765075.915426,13.5557516765,,,
972331,50545,213495.531928,12.3082304732,,,
972332,50546,-893284.473461,11.7035955847,,,
972333,50548,1509218.0095,12.9092413092,2.0,323.465219,0.00618304498451
978147,50551,-1633308.90594,13.9529095346,,,
978148,50554,-4021.14921267,12.8986601974,2.0,232.762069,0.00859246529554
979989,50556,12507.8007218,12.4532322192,,,
979990,50557,-150558.597753,12.1948556701,,,
979991,50558,-347183.391754,12.5730875496,,,
979992,50559,-72203.4132148,12.4812216457,,,
979993,50560,-432950.03706,11.7741656684,,,
979994,50561,-92845.7879938,12.6576223164,,,
979995,50562,-782776.689903,12.1988841645,,,
979996,50563,512400.514492,12.767021672,3.0,253.318021,0.0118428210838
981861,50565,-512517.106838,12.4635954753,,,
981862,50566,-24963.3208602,12.2552145181,,,
981863,50567,-537178.678095,12.7630386543,,,
981864,50568,78944.292929,12.8321220824,,,
981865,50569,-273980.502589,11.8091620015,1.0,54.889709,0.018218351276
982040,50570,-1484241.43539,11.8791075574,,,
982041,50571,-1170586.63785,12.1000533732,,,
982042,50573,-837744.833099,11.173531627,,,
982043,50574,175896.978806,13.1028023894,1.0,288.134473,0.00347060172838
984999,50575,179792.813824,12.9272435938,,,
985000,50576,-877139.067028,13.2724419505,,,
985001,50577,114912.98967,13.0178099079,,,
985002,50578,-249783.528646,13.0339191714,,,
985003,50579,270997.143212,13.33049859,3.0,359.119951,0.00835375475978
986276,50581,-379046.386029,12.7891437777,1.0,246.722485,0.00405313686752
986579,50582,-748060.394783,12.1823057325,,,
986580,50583,-114912.58695,12.6351119006,2.0,306.359541,0.00652827717874
992823,50585,-295936.259785,12.3501009849,2.0,165.291906,0.0120998060244
994746,50586,-610850.785065,11.9729606898,,,
994747,50588,1497923.45999,13.3174464271,10.0,368.993698,0.0271007338451
1020208,50590,-42654.2946292,12.9139690092,1.0,203.980739,0.00490242365481
1020672,50591,-579693.222336,13.2304348126,,,
1020673,50593,-127853.090202,11.4257646668,,,
1020674,50594,-130475.845522,11.9786764559,,,
1020675,50595,1802906.00942,13.095627939,5.0,399.609138,0.0125122263846
1029171,50597,-929452.8474,13.3646450483,1.0,214.240511,0.00466765130149
1030223,50598,224354.545376,13.2407374046,,,
1030224,50599,-349182.193532,11.7734569109,,,
1030225,50601,-776539.254246,12.4781033768,2.0,368.01212,0.00543460362121
1031232,50602,-407395.647356,12.2616938643,3.0,207.455662,0.0144609212931
1032639,50603,-589183.977198,12.0256281884,,,
1032640,50604,-8240.48414468,12.7846953693,,,
1032641,50605,-1285561.27751,12.0446004817,,,
1032642,50606,-183517.496821,12.6513972179,1.0,184.315162,0.00542548962955
1033446,50607,-10851.1133671,13.8959615389,,,
1033447,50609,-70560.1729047,12.6501607025,,,
1033448,50611,-403069.816873,11.3317350259,,,
1033449,50612,-420934.118041,14.0766039606,,,
1033450,50613,6043356.9092,14.3878811157,16.0,329.972902,0.0484888301525
1085832,50616,448435.916447,12.360514528,5.0,448.105088,0.011158096915
1094629,50619,-302401.024673,12.2683308688,2.0,230.86623,0.00866302533723
1095249,50621,515771.019512,12.8679859946,2.0,165.399151,0.0120919604962
1096246,50622,315434.66685,13.080752023,2.0,64.857976,0.0308366082839
1097644,50624,-24126.9505034,12.9444179439,,,
1097645,50625,-359649.55239,12.1907509099,,,
1097646,50626,65877.3987005,12.2595632528,,,
1097647,50627,-582656.684342,12.3459992668,3.0,277.223505,0.0108215932123
1100868,50628,-969414.96676,12.6702305577,1.0,289.356789,0.00345594103202
1101463,50629,473552.906617,13.402431158,1.0,205.328666,0.00487024057323
1102377,50630,118900.488919,12.4730137432,1.0,214.715992,0.00465731495212
1103033,50632,-302826.227374,12.1444291594,,,
1103035,50633,-1125280.77022,13.2185554065,,,
1103036,50634,-52650.2300114,13.0407849938,1.0,1.018252,0.982075164105
1103096,50635,-495585.169059,12.3911191435,1.0,217.592812,0.00459574004678
1103769,50636,-125497.577434,12.4042888321,1.0,313.519052,0.0031895988254
1104882,50638,475346.763736,12.7647149233,4.0,245.826479,0.0162716401271
1108847,50641,514548.637807,14.5054794556,1.0,123.019787,0.00812877362566
1109218,50642,-1442048.33572,12.9271099987,,,
1109219,50643,-57632.4257,12.7913934735,2.0,163.108458,0.0122617798275
1109681,50644,14472.5185689,12.7720033678,4.0,372.595201,0.0107355113251
1118639,50645,219387.956417,12.5159924714,,,
1118640,50647,-625164.921749,12.1715639928,1.0,79.06534,0.0126477670241
1123535,50648,182272.301267,11.9343775288,1.0,223.212718,0.00448003146487
1125182,50650,-386848.978447,12.9263938221,,,
1125183,50651,383115.674324,12.8650312848,1.0,294.627077,0.00339412117237
1127572,50652,-503767.76788,12.489329247,,,
1127573,50653,-894212.412867,11.5541407874,,,
1127574,50654,215595.581752,12.6033099721,,,
1127575,50655,371628.815996,13.0283568718,,,
1127576,50658,417806.656284,12.4052032562,1.0,187.097603,0.00534480390965
1128479,50659,122620.531068,12.5459993193,2.0,403.802766,0.00495291307638
1131257,50660,-690453.046807,12.3181965104,,,
1131258,50662,1043251.42443,13.2782942241,5.0,176.049517,0.0284011003563
1137180,50665,723219.842934,12.8448027979,1.0,253.290828,0.00394803083829
1138204,50666,-70006.7142154,12.042312048,,,
1138205,50667,-1142044.96592,11.6646404481,1.0,5.217793,0.191651911067
1139455,50668,-265382.681857,12.4040585742,,,
1139456,50669,-155210.210945,12.8044421067,1.0,239.750053,0.00417101054822
1139839,50670,1783.51617799,12.2870459359,,,
1139840,50671,-1339553.7,12.0314899823,,,
1139841,50672,1687.35693659,12.9953399128,,,
1139842,50673,-696656.91444,11.9115284162,,,
1139843,50674,-289588.23645,12.3965954045,1.0,408.690075,0.00244684190092
1143010,50675,582207.669321,12.190905304,2.0,287.237436,0.00696288070194
1144684,50676,-514769.649317,12.660862508,1.0,148.867149,0.00671739874591
1147023,50677,1298618.27175,13.1747124076,5.0,325.186841,0.015375775922
1162548,50680,-614705.691636,12.5056042865,1.0,138.682394,0.00721072063408
1162707,50681,-526242.794488,12.5289716219,,,
1162708,50682,-119614.674123,13.3692401602,2.0,220.98261,0.00905048591833
1163378,50701,5498538.03806,14.5161866482,14.0,214.718743,0.0652015739492
1186965,50702,4239190.24401,13.7858233814,16.0,25.60849,0.624792793328
1219587,50703,3478704.67005,16.9190122106,16.0,244.724015,0.0653797707593
1248415,50707,2023790.75211,13.0490657847,6.0,25.361881,0.236575512676
1255492,50801,1549586.91282,13.5210948842,5.0,545.028688,0.00917382902971
1266492,50830,-79698.9114511,12.294523755,1.0,306.617835,0.00326138888822
1266667,50833,56751.9820907,12.9840393394,1.0,536.325319,0.00186453998082
1268275,50835,-287039.145906,10.2251029741,,,
1268276,50836,-612147.825509,12.0484851554,,,
1268277,50837,-533121.988933,11.8563862122,,,
1268278,50840,-19521.6113863,12.8593893715,,,
1268279,50841,434768.48918,12.8743246621,1.0,610.836196,0.001637100104
1270519,50843,-303267.773454,12.7958923312,,,
1270520,50845,-270822.481025,12.8765329081,,,
1270521,50846,-209421.997159,12.2365838211,1.0,238.867152,0.00418642744148
1271089,50847,38929.1794416,12.9909671372,,,
1271090,50848,-915476.603886,12.3395070847,,,
1271091,50849,-164558.622472,11.9533243342,3.0,304.431532,0.00985443255595
1272939,50851,-263044.049275,12.6690159919,2.0,335.214398,0.00596633083762
1274304,50853,101714.485057,12.3535051096,,,
1274305,50854,181084.70111,12.6879280685,3.0,350.941226,0.00854843996014
1276167,50857,-1225369.70386,12.6594284519,,,
1276168,50858,-137463.607736,12.2479199018,,,
1276169,50859,-926621.776152,11.3373951979,,,
1276170,50860,-672814.014291,14.3875597306,,,
1276171,50861,-819934.709733,11.5701144677,,,
1276172,50862,-517173.950851,12.7099780331,,,
1276173,50863,-713768.552986,12.9011334676,,,
1276174,50864,-88779.0707574,12.7719062937,1.0,377.642994,0.0026480035798
1276358,51001,613136.071509,13.1492132295,1.0,360.862327,0.00277113992007
1277027,51002,797077.825766,13.0877997171,1.0,297.148464,0.00336532111436
1277159,51003,786416.46952,13.5308122578,,,
1277160,51004,-208231.429695,13.7107353806,2.0,212.848541,0.00939635287423
1278536,51005,453253.954161,12.7637174804,1.0,244.17026,0.00409550286755
1278635,51006,-815051.784049,12.7416288561,,,
1278636,51007,-356116.624538,11.978609072,,,
1278637,51008,-964556.180299,12.0998651855,,,
1278638,51010,-10433.3289085,13.0936715955,,,
1278639,51011,-622511.70797,13.7386801858,,,
1278640,51012,698835.266143,12.7897780834,5.0,386.838104,0.0129253037596
1286824,51014,118597.19225,11.272994698,,,
1286825,51016,-12341.9235137,12.9505668438,,,
1286826,51018,-711761.051967,12.7972163259,,,
1286827,51019,-314569.036932,12.6939546504,,,
1286828,51020,-913170.974421,12.4920423689,,,
1286829,51022,-1258214.0643,12.365835043,,,
1286830,51023,-140962.371181,13.224230674,1.0,271.44549,0.00368398089797
1288550,51024,188248.531163,12.5811878431,,,
1288551,51025,443684.263141,12.8665289758,1.0,278.402985,0.00359191551053
1291667,51026,132984.139919,13.1477456043,,,
1291668,51027,544721.253724,12.9453288685,1.0,239.835719,0.00416952072097
1291949,51028,1124125.08992,13.2850443853,1.0,328.930974,0.00304015151823
1292607,51029,-1960701.16519,14.5732130854,,,
1292608,51030,38496.5055668,12.6004183948,,,
1292609,51031,2977940.28683,13.4695525426,4.0,605.111843,0.00661034822946
1306332,51033,-975391.000522,12.9954063659,,,
1306333,51034,-782179.586029,13.2609892583,2.0,290.876284,0.00687577540698
1310543,51035,261240.256835,13.0148870192,1.0,278.97681,0.00358452733043
1311293,51036,-1617534.04966,11.9490760743,,,
1311294,51037,-45889.5019749,11.5334380346,,,
1311295,51038,136616.053809,12.6806783108,1.0,233.828323,0.00427664188482
1311429,51039,1057410.2691,13.0058388545,,,
1311430,51040,-267975.592135,13.5525507798,2.0,399.810225,0.00500237331349
1319566,51041,1453026.90686,14.2546250037,2.0,184.491043,0.010840634686
1322457,51044,-331365.289361,11.7160000639,,,
1322458,51046,295095.837669,12.4900233172,2.0,240.918039,0.00830157844677
1323805,51047,233257.709155,12.27204552,,,
1323806,51048,-90815.9879483,12.4493950576,,,
1323807,51049,-66462.9178371,12.1359557675,,,
1323808,51050,252709.518957,13.0348007344,1.0,353.266814,0.0028307215973
1325140,51051,-346046.878153,13.6298298812,,,
1325141,51052,161031.873223,13.5571022702,,,
1325142,51053,292090.046041,12.5367282941,1.0,195.513267,0.00511474241797
1325271,51054,1158341.86749,13.0161028746,2.0,106.329025,0.0188095395401
1328983,51055,747017.449355,12.6091345864,1.0,174.692448,0.00572434590876
1330072,51056,-1127473.43182,11.5685786693,,,
1330073,51058,-416121.438836,12.0121708772,1.0,214.786027,0.0046557963475
1330495,51060,-304557.639041,11.7601761243,,,
1330496,51061,-201350.924463,12.873343853,,,
1330497,51062,-1077732.96797,12.4613074623,,,
1330498,51063,371760.231396,13.1887027262,,,
1330499,51101,2193377.74639,15.6833413272,5.0,3.138764,1.592983735
1337650,51103,1336561.08081,16.7891442462,4.0,27.86321,0.14355847729
1351003,51104,3015717.95461,15.1906631968,5.0,20.00953,0.249880931736
1367401,51105,3020973.546,15.2029638617,3.0,15.825592,0.189566368197
1378478,51106,3436357.99722,14.3035152222,12.0,81.702782,0.146873823709
1401416,51108,506447.16792,13.8379777357,3.0,116.455967,0.0257608096629
1408416,51109,111044.601423,13.4805896799,2.0,49.159557,0.0406838491242
1410354,51111,-2253904.8249,10.6063440764,,,
1410355,51201,965604.97059,12.8548056397,3.0,295.817592,0.0101413846949
1420029,51230,-1530584.25303,12.8371700007,,,
1420030,51231,-1360583.24892,11.0292481779,,,
1420031,51232,-1149252.79589,12.2419186379,,,
1420032,51234,-538320.327351,12.6635368242,,,
1420033,51235,-352021.532317,12.5629277504,,,
1420034,51237,222110.367471,13.2284635105,1.0,249.759921,0.00400384495637
1421220,51238,-507607.106984,12.5994685637,1.0,118.831336,0.00841528870802
1421542,51239,-15520.4580849,13.2996883427,,,
1421543,51240,265137.041064,13.2052473528,4.0,263.161609,0.0151997854672
1424166,51241,-567473.765048,12.4772968414,3.0,232.767886,0.0128883758475
1427208,51242,-232404.06642,12.7701985501,,,
1427209,51243,-1270314.36231,12.9030815573,,,
1427210,51244,-1184907.93343,10.1256350456,,,
1427211,51245,-411036.05303,13.4078243711,1.0,203.413241,0.00491610081568
1428453,51246,324177.608571,13.2103348927,2.0,424.515402,0.00471125426917
1433668,51247,817320.933571,13.6848874204,1.0,289.650577,0.00345243572568
1434649,51248,-473182.476421,12.7074154418,1.0,214.49695,0.00466207095252
1436293,51249,329037.309549,13.2934198382,2.0,324.74321,0.00615871229455
1439877,51250,1916583.99814,14.064089926,3.0,186.398963,0.0160945101395
1446672,51301,2810718.59433,12.6473362766,7.0,406.942409,0.0172014512255
1465866,51331,640849.906205,12.5482425598,3.0,7.12251,0.421199829835
1473365,51333,-1368133.5536,11.6705210474,,,
1473366,51334,-427820.804283,12.808017809,3.0,491.781068,0.00610027549902
1480686,51338,38548.6088151,12.8588492691,1.0,189.29993,0.00528262213304
1480784,51341,-704639.372183,10.6124179285,,,
1480785,51342,161343.54897,12.8376759757,1.0,214.231634,0.00466784471242
1481669,51343,-1102073.6122,13.1799529334,,,
1481670,51345,-465515.013313,12.6596660185,,,
1481671,51346,19641.4198405,12.8953077733,2.0,377.358581,0.00529999872986
1484702,51347,213337.398185,12.5107664019,2.0,223.92845,0.00893142430093
1485072,51350,-342015.282239,13.7085218038,,,
1485073,51351,1672110.77373,13.0793331204,2.0,278.931975,0.00717020700119
1494234,51354,57259.6613723,12.6567365392,,,
1494235,51355,3451744.11421,14.5307693562,2.0,11.052693,0.18095137538
1494665,51357,-729244.0353,12.7201310789,,,
1494666,51358,849741.595788,12.6504015593,1.0,202.954357,0.00492721622133
1495131,51360,1625723.57892,13.3140619711,6.0,334.993966,0.0179107703689
1511797,51363,-1369651.09036,13.1356343983,,,
1511798,51364,-341549.420984,12.0895665894,,,
1511799,51365,-83748.7455072,12.8127841047,,,
1511800,51366,80053.2324447,12.8627521544,,,
1511801,51401,2344816.50274,13.2053244242,7.0,454.121,0.0154143939611
1526163,51430,-433897.189432,13.1629137645,,,
1526164,51431,-32431.8823782,12.8386585759,,,
1526165,51433,-1240710.44559,12.6022442034,,,
1526166,51436,238035.142758,13.3499049655,,,
1526167,51439,-424741.122123,12.8397360334,,,
1526168,51440,-738015.45166,13.271399348,,,
1526169,51441,-1066186.92328,11.5847475614,,,
1526170,51442,432762.442936,13.2591450562,5.0,448.677639,0.01114385823
1535632,51443,-107051.543362,12.8739668179,2.0,276.442701,0.00723477231544
1536141,51444,-491811.03726,12.5863304973,,,
1536142,51445,536988.946517,13.3320019075,3.0,327.873042,0.00914988308188
1538971,51446,237618.868267,12.6657542292,,,
1538972,51447,-1057387.04603,11.0633551865,,,
1538973,51448,-447097.570053,12.7796070644,,,
1538974,51449,293635.83159,12.7587437766,1.0,232.944822,0.00429286210964
1540251,51450,620183.465228,12.5177562461,2.0,157.595822,0.0126906917621
1542265,51451,-748103.821517,13.72756799,,,
1542266,51453,-463179.096399,13.6744532426,1.0,223.339647,0.00447748536112
1542339,51454,-246404.633137,12.4906115872,,,
1542340,51455,-284258.625302,13.1050274529,1.0,287.004925,0.00348426076661
1544889,51458,-239843.209514,13.392321943,,,
1544890,51459,-1448702.85001,17.813816573,,,
1544891,51461,-493576.052343,12.4795544799,1.0,130.196128,0.00768071996734
1547045,51462,223754.511212,12.7409675929,1.0,281.553969,0.00355171693566
1547323,51463,-447208.051593,13.7881242703,,,
1547324,51465,-764564.68067,11.9985681919,,,
1547325,51466,-309590.334411,12.8883436994,1.0,134.548626,0.00743225724208
1547502,51467,-322241.243376,12.8209208733,,,
1547503,51501,6878669.8436,14.8802962568,26.0,68.663347,0.378659082844
1594703,51503,3667679.78547,14.1200934319,15.0,311.311378,0.048183269421
1628383,51510,-370669.268771,12.7449383293,2.0,5.228569,0.382513838873
1629981,51520,-1161691.4781,12.1807831196,,,
1629982,51521,274448.16932,12.356896909,2.0,223.26416,0.00895799845349
1634789,51523,584960.425112,12.410859612,,,
1634790,51525,267577.705659,11.850267142,,,
1634791,51526,-729342.22192,12.1603022002,1.0,111.333068,0.00898205733448
1635053,51527,-7800.26785718,12.330193599,,,
1635054,51528,-683431.08566,12.3394782057,,,
1635055,51529,39053.8561206,13.071584994,1.0,333.953737,0.00299442674001
1638530,51530,361754.591515,13.0682239678,1.0,140.370471,0.00712400544699
1638588,51531,-531507.68331,12.1647275522,,,
1638589,51532,-564504.737797,12.1207858992,,,
1638590,51533,-157496.619189,12.909459547,,,
1638591,51534,917225.524206,13.637140392,4.0,260.80305,0.0153372439471
1642020,51535,336764.339713,12.8154289439,1.0,337.126792,0.00296624303891
1642066,51536,41007.5055817,12.2765327207,,,
1642067,51537,995093.870246,12.9002181389,4.0,422.332929,0.00947120085917
1649357,51540,-419045.61487,11.5625254768,,,
1649358,51541,-1465804.12437,13.0275274123,,,
1649359,51542,370780.587881,12.7158007017,,,
1649360,51543,-412289.45408,12.8541609056,,,
1649361,51544,-223894.256535,12.257038367,,,
1649362,51545,-892452.800915,12.8562083568,,,
1649363,51546,414522.96696,12.771170245,2.0,293.310022,0.00681872370525
1650322,51548,825996.730336,13.1086584961,,,
1650323,51549,742763.527574,13.0309837463,,,
1650324,51550,-120881.831208,12.9363466725,,,
1650325,51551,-26126.3433961,12.8981377917,1.0,210.796119,0.00474392035652
1650627,51552,-1090405.22479,11.6442301203,,,
1650628,51553,84496.4534347,12.4779255878,1.0,118.587348,0.00843260277648
1650790,51554,991329.529057,13.290494476,,,
1650791,51555,583369.982767,12.8231541781,3.0,410.136654,0.00731463518498
1657417,51556,-84750.6344543,12.8596030576,,,
1657418,51557,-104803.936017,12.8677267794,,,
1657419,51558,90037.1210516,12.8140305931,,,
1657420,51559,495305.353699,12.2125490098,1.0,220.723262,0.00453056008206
1658091,51560,-25189.8127855,12.7476113367,2.0,254.891645,0.00784647138983
1660735,51561,86114.9580488,12.40488839,1.0,159.38428,0.00627414447648
1661944,51562,26856.8687343,12.5352389599,,,
1661945,51563,132108.502038,11.8090135795,,,
1661946,51564,-249165.045607,12.3690460469,,,
1661947,51565,527826.390484,12.5927634339,,,
1661948,51566,477029.058502,12.9849781687,4.0,457.891547,0.00873569303956
1670160,51570,582870.593105,12.2235098164,,,
1670161,51571,89054.2234339,12.3341077126,,,
1670162,51572,-16637.3854255,12.0339125206,,,
1670163,51573,-114697.313226,12.4883496741,,,
1670164,51575,-521057.120409,13.1202359886,1.0,126.569658,0.00790078772276
1670416,51576,595375.779624,12.6218989173,,,
1670417,51577,288882.176918,12.3196170298,1.0,206.979038,0.00483140713022
1670863,51578,-322475.407201,13.7858934088,,,
1670864,51579,925311.856608,13.1051813844,1.0,301.420886,0.00331762013333
1672325,51601,465910.469082,13.3967099833,5.0,276.34259,0.0180934831652
1679551,51630,-1124993.87238,12.7880028353,,,
1679552,51631,-458435.202077,11.8122376984,,,
1679553,51632,599932.105082,13.07029008,5.0,540.669979,0.00924778551465
1687440,51636,-944371.767497,12.0393934395,,,
1687441,51637,-971894.750486,12.7082488751,,,
1687442,51638,298989.166788,12.4959584174,,,
1687443,51639,-120481.433374,12.6467506714,,,
1687444,51640,174172.869009,12.6626937376,1.0,313.989946,0.00318481535074
1687673,51645,-842336.204979,14.1581443914,,,
1687674,51646,-415795.602913,11.8959663817,,,
1687675,51647,194502.471083,11.6445873521,,,
1687676,51648,-195583.6377,11.6800245655,,,
1687677,51649,-1499674.72782,12.2573746597,,,
1687678,51650,-572398.732244,12.7048308964,,,
1687679,51652,-394964.910987,12.6566769694,,,
1687680,51653,185273.885452,12.5772083693,1.0,89.512532,0.0111716200811
1687727,51654,-955171.945488,13.549879388,,,
1687728,52001,6563233.97478,15.01609561,18.0,75.057763,0.239815300651
1734698,52002,2545454.97098,13.4447843741,5.0,74.76947,0.06687221402
1746995,52003,2007057.24298,14.5524940843,8.0,151.954104,0.0526474757141
1756786,52030,64276.134214,12.8145856349,,,
1756787,52031,803122.956193,12.6871099179,3.0,448.070077,0.00669538126734
1759261,52032,-1272289.27492,12.7785594133,,,
1759262,52033,401718.576212,13.3403881659,2.0,252.635822,0.00791653370518
1760745,52035,-650139.054441,12.2939061786,,,
1760746,52037,-541706.199699,12.2717265213,1.0,176.775293,0.00565689912334
1760944,52038,215061.426144,11.9178519626,,,
1760945,52039,-264431.265001,14.9646810818,,,
1760946,52040,1654758.37245,13.1263990372,3.0,157.748966,0.0190175573005
1765853,52041,119964.404011,12.3256695756,,,
1765854,52042,-418235.197518,12.9328825795,1.0,161.463192,0.00619336201405
1766702,52043,302449.5995,12.4745936309,2.0,258.435335,0.00773887982462
1767934,52044,-1611421.63085,14.5183330506,,,
1767935,52045,576371.003239,12.655014514,,,
1767936,52046,-112985.201608,12.92351073,1.0,119.196635,0.00838949857939
1768289,52047,115616.389808,11.6347844019,,,
1768290,52048,-819166.012698,12.9442886867,,,
1768291,52049,-426853.419504,12.7877002104,,,
1768292,52050,-1323610.38689,12.5809934692,,,
1768293,52052,311850.534335,12.7450365935,4.0,249.00035,0.0160642344479
1771896,52053,-693288.855638,12.7126636341,2.0,154.540299,0.012941608195
1772545,52054,-313581.454642,12.3065258125,,,
1772546,52057,755190.894672,13.0518569491,3.0,362.350079,0.00827928617617
1777332,52060,1550513.15645,13.4967771716,3.0,409.835195,0.00732001554918
1790008,52064,319770.198745,12.8634119095,,,
1790009,52065,-488685.685284,13.0418552615,,,
1790010,52066,708820.837861,12.7243786307,,,
1790011,52068,1031300.2079,12.6728065562,2.0,120.418986,0.0166086766417
1790540,52069,-3508.30807348,13.0024520902,,,
1790541,52070,306878.218939,12.5752559513,,,
1790542,52072,-4479.55583961,11.0325948212,,,
1790543,52073,16231.5600761,11.7401399677,,,
1790544,52074,-264318.548818,12.6752576804,,,
1790545,52076,-659459.04085,12.4978152185,2.0,252.900986,0.00790823330361
1791120,52077,43158.6452515,13.9592793391,,,
1791121,52078,-340902.203776,12.1310896208,,,
1791122,52079,-501462.58409,13.2203306966,1.0,153.776141,0.00650295938952
1791533,52101,1431837.54976,12.8486077557,4.0,804.622162,0.00497127743792
1802908,52132,66751.2704785,13.6298059677,,,
1802909,52133,-709622.060343,13.0037880305,,,
1802910,52134,-294891.201774,13.0404662372,,,
1802911,52135,267925.830081,13.1869139631,,,
1802912,52136,999942.086819,13.3542432347,2.0,552.444562,0.00362027276141
1808673,52140,-1010437.17578,12.1727004462,,,
1808674,52141,494905.021512,12.9920023751,,,
1808675,52142,1534174.04996,13.657010022,1.0,189.331878,0.0052817307395
1809325,52144,-89658.8298527,13.5925221009,1.0,194.119174,0.0051514746297
1811083,52146,921832.632278,11.8203296958,1.0,221.678469,0.00451103801154
1811408,52147,245313.203397,12.255292696,,,
1811409,52151,549747.305828,12.890505262,1.0,324.670969,0.00308004132023
1813087,52154,-815636.457673,13.4973234113,1.0,189.966484,0.00526408647959
1813535,52155,-232424.904074,13.0427124204,,,
1813536,52156,-232310.246263,12.5234578766,,,
1813537,52157,143650.574231,13.1388185048,,,
1813538,52158,1005759.34343,13.565840945,,,
1813539,52159,430284.97757,12.799719936,2.0,197.141302,0.0101450075642
1818105,52160,-605814.385576,13.1459192849,,,
1818106,52161,-542089.635533,12.7788347484,,,
1818107,52162,80648.8945386,12.8050878788,1.0,258.921418,0.00386217566598
1818480,52163,-177289.210963,13.1900493948,,,
1818481,52164,-641421.596511,12.3489646801,,,
1818482,52165,224498.697833,12.3895893309,,,
1818483,52166,-1865358.69777,15.9094383725,1.0,0.493739,2.02536157768
1819030,52168,93917.3057348,12.8713358588,,,
1819031,52169,-189993.458214,12.9405888911,,,
1819032,52170,-1184713.64125,12.2554831855,,,
1819033,52171,-1170683.73914,13.4022371385,,,
1819035,52172,1197820.30345,13.4430433081,3.0,409.930314,0.00731831703473
1827375,52175,418031.723828,12.755846095,3.0,224.708583,0.0133506248847
1830697,52201,-136423.018691,13.1010785234,,,
1830698,52202,-469367.27435,12.0812621013,,,
1830699,52203,820625.154486,12.9755439046,,,
1830700,52205,-680525.262726,13.1841557375,3.0,309.946308,0.00967909577423
1837084,52206,734749.404288,12.3966371769,,,
1837085,52207,93863.0379571,11.946613203,1.0,102.173612,0.00978726287958
1837404,52208,-141069.948698,12.319100394,3.0,150.72943,0.0199032133274
1841367,52209,-130014.011598,11.6508373995,,,
1841368,52210,-389136.569791,11.9822668056,,,
1841369,52211,-9453.91739663,12.8293921271,2.0,236.939306,0.00844098023989
1843397,52212,-786095.593527,11.9069425733,,,
1843398,52213,459041.806995,12.2622883213,1.0,194.486805,0.00514173699342
1845114,52214,272715.099865,11.9653775426,1.0,247.622502,0.00403840520116
1846436,52215,-1427674.48824,11.88620119,,,
1846437,52216,163551.774642,12.2825291781,,,
1846438,52217,-541249.35134,13.3072850349,,,
1846439,52218,-298991.246414,12.08226833,,,
1846440,52219,-996292.761318,12.4794879264,,,
1846441,52220,-1581756.37969,9.28370959045,,,
1846442,52221,596725.778177,12.7448992323,,,
1846443,52222,-480267.694732,11.7862087912,,,
1846444,52223,114831.846617,12.2136033526,1.0,127.619807,0.00783577426974
1846564,52224,310755.72033,12.487491313,1.0,256.593612,0.00389721315432
1846942,52225,-929043.361222,11.7489768094,,,
1846943,52227,56260.9320676,12.8687443077,1.0,76.013553,0.0131555487217
1847289,52228,569659.622551,11.7651728887,1.0,96.928032,0.0103169328765
1847595,52229,-89095.9858756,12.5123255535,,,
1847596,52231,-389468.123639,11.7168613853,,,
1847597,52232,-666366.493194,11.9890150324,,,
1847598,52233,3307671.01303,14.2541693368,3.0,9.080084,0.330393419268
1851609,52235,-535503.448711,17.3972571072,,,
1851610,52236,-40745.3445694,12.2470687373,,,
1851611,52237,765244.597739,12.2671470544,,,
1851612,52240,11075365.7644,15.4287888816,20.0,415.571318,0.0481265167583
1913302,52241,5343680.56546,16.2454318458,14.0,30.871305,0.453495568134
1949440,52242,3326819.12407,13.2355960501,,,
1949441,52245,3735920.08271,16.28109317,2.0,21.712859,0.0921113152349
1958260,52246,4390553.52641,14.5233510807,4.0,23.832009,0.167841494185
1997648,52247,2292281.50704,15.3773878102,,,
1997649,52248,-362622.491799,13.0023594824,1.0,295.236835,0.00338711123224
1998091,52249,-61997.6247532,12.8444689307,,,
1998092,52251,-951115.991132,12.5976754461,,,
1998093,52253,1511768.22052,13.0023131427,1.0,121.480006,0.0082318072984
1999602,52254,769122.683883,11.7823222149,1.0,146.759383,0.00681387438103
1999875,52255,-211233.880365,12.6225366415,,,
1999876,52257,-1197735.73786,10.8509302781,,,
1999877,52301,-196903.759318,12.0303394772,1.0,316.484635,0.00315971105517
2004510,52302,4353479.78898,13.8197500751,10.0,192.237746,0.0520189203633
2026200,52305,-800941.312535,11.8375977723,,,
2026201,52306,62476.0599862,12.8036874367,1.0,194.245557,0.00514812289889
2026463,52307,2060657.78914,14.0900954183,,,
2026464,52308,-822163.454357,15.7611462877,,,
2026465,52309,-1515659.20668,13.2990284899,,,
2026466,52310,1525961.63487,12.7872244849,2.0,385.183593,0.0051923291551
2039154,52312,-796813.635137,13.8711231751,,,
2039155,52313,-1393722.77409,11.9849107436,,,
2039156,52314,1077282.72211,14.0628783571,3.0,155.658054,0.0192730149382
2051246,52315,223414.645506,12.5084324594,,,
2051247,52316,-195771.833263,12.4797346588,1.0,180.293861,0.00554650055445
2051596,52317,2146375.94915,15.1532788397,9.0,95.897591,0.0938501155884
2064806,52318,22803.4932403,12.7174619372,,,
2064807,52320,23508.029191,12.212530134,,,
2064808,52321,7669.10032834,12.516383356,,,
2064809,52322,156745.632714,12.9461403614,,,
2064810,52323,184444.228942,12.1620781013,,,
2064811,52324,-148940.273944,11.8630197226,1.0,107.056042,0.00934090202961
2065202,52325,447717.165753,12.7098054272,,,
2065203,52326,-511229.38746,12.2334307374,,,
2065204,52327,353230.214764,12.9496884482,2.0,217.607612,0.00919085495961
2067252,52328,-85089.2944639,12.5439611979,1.0,7.989464,0.125164842097
2067296,52329,-337057.015775,12.2103501423,,,
2067297,52330,-137575.081584,12.5606266579,,,
2067298,52332,448819.721451,12.4125512282,1.0,110.692089,0.00903406927301
2070498,52333,-185077.458299,13.1079249732,2.0,234.514567,0.00852825487809
2072230,52334,194477.429488,12.7434955277,,,
2072231,52335,-302814.627213,12.5214810744,,,
2072232,52336,70468.2880225,12.6304717805,1.0,127.253732,0.00785831569953
2072456,52337,-29639.3042223,12.5798072072,1.0,70.714333,0.0141414046852
2072615,52338,32346.3052578,12.7993884628,3.0,88.82337,0.033774895053
2075008,52339,-2201176.77877,15.2827506023,,,
2075009,52340,1371372.14714,13.4967929832,2.0,42.940483,0.0465760946378
2076315,52341,156757.739499,13.2216058403,,,
2076316,52342,-177513.845553,13.2705216485,2.0,232.660911,0.00859620118998
2083740,52345,-132762.026519,12.1073949849,1.0,8.460683,0.118193767572
2084121,52346,136258.568823,12.3941656208,,,
2084122,52347,142191.765798,12.207714254,2.0,166.647034,0.0120014137185
2084626,52348,-1970960.20548,10.0007379886,,,
2084627,52349,911695.929045,13.1572863641,1.0,382.672144,0.0026132030138
2086692,52351,734373.50455,12.4921757795,1.0,2.13643,0.468070566319
2086886,52352,358548.489588,12.6461710694,1.0,205.022618,0.00487751063641
2087075,52353,958804.55601,13.060584945,5.0,395.338718,0.0126473825415
2099829,52354,-1464291.6768,12.0087864707,,,
2099830,52355,-1013380.90405,12.6122823348,,,
2099831,52356,62657.7277384,13.3554924185,1.0,232.4078,0.00430278157618
2102107,52358,119938.708487,13.5438292552,3.0,200.939529,0.0149298647953
2104498,52359,-1543135.72553,12.0051885716,,,
2104499,52361,1183054.39967,13.8310102164,2.0,330.197198,0.00605698658897
2107082,52362,-245.258107125,12.3939319582,,,
2107083,52401,2324608.49129,16.9320110054,3.0,3.464505,0.865924569311
2119781,52402,9368369.94191,13.9608551923,30.0,36.420817,0.823704751049
2189692,52403,4428600.52009,15.3267240739,8.0,69.523743,0.115068603254
2203285,52404,4459788.09762,13.6916008586,25.0,142.93349,0.174906524706
2245808,52405,1973425.13255,12.8130789683,12.0,38.49318,0.311743534829
2280699,52411,1137319.17506,15.2101878289,1.0,44.635019,0.0224039335572
2292891,52501,3173506.26408,14.3134802877,11.0,591.297871,0.0186031449452
2324615,52530,-8806.56812223,12.0722588342,,,
2324616,52531,206608.036325,13.2286454014,2.0,563.107904,0.00355171715011
2328107,52533,-450104.274643,12.8226923294,,,
2328108,52534,-565529.589559,12.7174819939,,,
2328109,52535,-657116.634952,11.8687053709,,,
2328110,52536,-724014.645957,12.8219374594,,,
2328111,52537,352068.784807,12.5376124592,1.0,900.130186,0.0011109504109
2330040,52540,-178443.883316,12.4781973863,,,
2330041,52542,-515244.21652,13.3441149241,,,
2330042,52543,-1446392.90771,11.8077332209,,,
2330043,52544,1215274.0531,13.0554141947,5.0,355.984819,0.0140455427679
2339920,52548,-760916.435486,12.2707101122,,,
2339921,52549,-647072.485398,12.9331721833,,,
2339922,52550,-273818.120825,12.8716480972,,,
2339923,52551,-1620241.26791,12.099011711,,,
2339924,52552,-406318.776527,13.350155188,,,
2339925,52553,181287.335944,13.2668730016,1.0,218.424094,0.00457824950392
2340280,52554,-429708.233103,12.6541296952,1.0,94.705759,0.0105590199641
2340717,52555,-644832.358311,11.899829232,,,
2340718,52556,117357.117568,14.5365976864,4.0,458.48455,0.00872439431165
2348898,52560,-785312.921469,11.8761071704,,,
2348899,52561,-122626.586249,12.4500074649,,,
2348900,52563,-442381.340002,12.3358985865,,,
2348901,52565,-215665.980627,12.6075852644,2.0,307.637735,0.00650115305263
2350902,52566,372967.259739,10.708421138,,,
2350903,52567,344386.762323,12.304676561,,,
2350904,52569,-323568.367101,11.6997807419,,,
2350905,52570,-541719.974244,13.7332839256,,,
2350906,52571,422964.861474,11.7520950019,1.0,276.402554,0.0036179115769
2351504,52572,-44578.7319548,12.5223803656,,,
2351505,52573,-1478066.80636,11.7938745207,,,
2351506,52574,-525067.854551,13.0863188596,,,
2351507,52576,68628.4253775,12.0678973446,,,
2351508,52577,2345689.11447,13.4224128619,6.0,415.772496,0.014430968998
2366377,52580,-243680.507669,13.2707722263,,,
2366378,52581,-414505.523122,11.6985995727,,,
2366379,52583,132294.78664,12.0269840501,,,
2366380,52584,-306661.782464,13.248927902,,,
2366381,52585,554621.16302,12.6969300574,,,
2366382,52586,-263637.614642,12.9873072237,,,
2366383,52588,835872.466881,13.3324284229,,,
2366384,52590,-429278.329153,13.5281280991,1.0,194.526072,0.00514069908326
2366468,52591,-198290.997278,12.7188270795,2.0,327.849389,0.00610036213915
2369553,52593,299168.942722,13.1327600744,,,
2369554,52594,646181.369534,12.5085884528,,,
2369555,52595,457388.762435,14.5170904217,,,
2369556,52601,4270228.41344,14.7560578658,13.0,312.02532,0.0416632855308
2399042,52619,-177268.931486,12.5094809493,,,
2399043,52620,-470452.296009,12.1480279457,,,
2399044,52621,-850352.95961,13.0180779659,,,
2399045,52623,-621039.002421,12.2244154212,1.0,151.439917,0.00660327884358
2399157,52624,357881.970978,12.6522382392,,,
2399158,52625,75634.3086586,12.1531074692,1.0,285.245058,0.00350575749502
2399307,52626,-452562.345721,12.8562034661,1.0,247.437264,0.00404142845679
2399694,52627,1392535.53395,14.0875739398,6.0,188.414662,0.0318446554865
2413984,52630,-134922.315614,12.4013571463,,,
2413985,52632,2347974.53506,14.123765765,7.0,140.470022,0.0498326966874
2431053,52635,91497.370606,11.936483799,,,
2431054,52637,-157081.308111,13.0779673438,1.0,172.04191,0.00581253718934
2433840,52638,-96287.6769666,12.3298908104,,,
2433841,52639,-52794.8173769,12.2889073081,2.0,117.469873,0.0170256419703
2434110,52640,-553897.804402,12.5803523455,,,
2434111,52641,646815.638947,13.4662571463,5.0,551.76361,0.00906185168681
2445437,52644,-4958.53849125,11.2472563157,,,
2445438,52645,-701247.092696,12.18475593,,,
2445439,52646,-673258.990378,13.0707946124,,,
2445440,52647,291335.549987,12.1597658046,,,
2445441,52649,-699453.286353,12.0940067431,,,
2445442,52650,-1041388.79989,12.2422068737,,,
2445443,52651,-423184.127709,12.7587452367,,,
2445444,52653,233310.019977,13.2714766311,3.0,312.47521,0.00960076160922
2447316,52654,-98133.3633751,12.5120908605,,,
2447317,52655,588738.247031,12.9188453925,5.0,42.56453,0.117468699878
2454647,52656,-95468.1576505,12.9091936017,1.0,247.274743,0.00404408468033
2456538,52658,-1079518.142,11.738019309,,,
2456539,52659,95248.7189947,13.2640047816,,,
2456540,52660,-715969.137162,13.297432918,,,
2456541,52701,-219485.897835,12.2858475956,,,
2456542,52720,-916574.414368,12.2405607549,,,
2456543,52721,-552561.00493,11.7816978509,,,
2456544,52722,5211110.82711,16.2113437387,12.0,73.161625,0.164020413707
2493330,52726,-1373855.24515,12.1000529382,1.0,94.823134,0.0105459496835
2497513,52727,459036.077028,11.6245115979,,,
2497514,52728,-928721.744528,12.6253068521,1.0,5.764558,0.17347383789
2497867,52729,-142262.727977,11.9662052021,,,
2497868,52730,735295.626152,12.3437506618,1.0,101.243411,0.009877185983
2499008,52731,-626795.061289,12.2403451255,,,
2499009,52732,4710429.6412,14.0492030539,10.0,310.704633,0.032184907909
2531385,52737,-762927.004,14.1278630752,,,
2531386,52738,-418182.940353,13.0609346891,2.0,323.19118,0.0061882876878
2534121,52739,-1057007.16006,13.1036728398,,,
2534122,52742,1407577.47985,12.8989668319,2.0,304.142776,0.00657585896434
2536137,52745,643690.552572,12.6128057855,,,
2536138,52746,-408478.063178,12.0830629703,,,
2536139,52747,539111.364877,12.8199465621,1.0,56.094151,0.0178271706082
2538681,52748,1199471.98663,13.6920943451,4.0,107.004915,0.0373814604684
2545814,52749,-860757.947995,11.5330697052,,,
2545815,52750,-950355.187329,12.1060801297,,,
2545816,52751,-558795.382669,12.2793891078,1.0,129.085616,0.00774679651372
2546402,52752,-500824.346524,12.9838605921,,,
2546403,52753,-8058.24648229,12.3522760983,5.0,68.492183,0.0730010313732
2552258,52754,-110878.961662,12.0052319389,,,
2552259,52755,341459.770361,12.3164945206,,,
2552260,52756,-156767.357092,12.9813072796,,,
2552261,52757,4016.29784077,12.1390905383,,,
2552262,52758,245132.978816,12.9635750903,,,
2552263,52760,-159357.760761,11.8999712457,,,
2552264,52761,3439739.84731,13.8227032738,15.0,482.973608,0.0310575976648
2585942,52765,-393281.084718,11.9439120297,,,
2585943,52766,-625195.744905,12.6580878512,,,
2585944,52767,195880.698985,11.1232428897,,,
2585945,52768,67005.9304964,12.1229950567,1.0,89.481384,0.0111755088634
2586352,52769,-700063.075573,12.1020249775,,,
2586354,52772,774248.773663,12.1418655187,3.0,342.328096,0.00876352258273
2591221,52773,164744.857495,12.7022564732,,,
2591222,52774,-1099037.88015,11.6741481792,,,
2591223,52776,486583.648482,13.5028079214,3.0,219.678908,0.0136562951232
2594051,52777,-6257.47189093,12.4291154319,1.0,139.946616,0.0071455818553
2594342,52778,342488.458191,12.3411465278,2.0,215.972375,0.00926044360998
2597477,52801,3733338.21604,15.0030701264,2.0,1.359908,1.47068772299
2597495,52802,386482.285957,13.9559979514,9.0,29.294412,0.307225828598
2612688,52803,4944297.6691,16.184451633,6.0,14.068035,0.42649879674
2621331,52804,3788537.86807,15.3770703986,11.0,88.861422,0.123788250879
2655395,52806,4902814.23231,14.4253819595,8.0,79.448284,0.10069443413
2678004,52807,6188225.80784,15.8641844924,9.0,76.46944,0.117694074914
